{"ctxid":0,"pos":[-720.15625,0.980340898,-537.338501],"rotationMatrix":[-0.997230291,-0.0743762553,0,0.0743762553,-0.997230291,0,0,0,1],"scale":1,"type":"Bolford"}
{"ctxid":0,"pos":[-492.60968,32.7666855,-551.891113],"rotationMatrix":[0.994677603,-0.103037402,0,0.103037402,0.994677603,0,0,0,1],"scale":1,"type":"Bolford"}
{"ctxid":0,"pos":[-593.864563,-89.9613495,-539.314453],"rotationMatrix":[0.0945964232,-0.995515704,0,0.995515704,0.0945964232,0,0,0,1],"scale":1,"type":"Bolford"}
