{"ctxid":0,"pos":[1810.75818,-6432.10498,-549.031006],"rotationMatrix":[-0.979579628,0.201056197,0,-0.201056197,-0.979579628,0,0,0,1],"scale":1,"type":"bravado_desert"}
{"ctxid":0,"pos":[4781.96094,-6821.02344,-538.14917],"rotationMatrix":[0.985929966,0.167158827,0,-0.167158827,0.985929966,0,0,0,1],"scale":1,"type":"bravado_desert"}
{"ctxid":0,"pos":[3958.09253,-5389.604,-512.531128],"rotationMatrix":[-0.281660527,0.959513903,0,-0.959513903,-0.281660527,0,0,0,1],"scale":1,"type":"bravado_desert"}
