{"ctxid":0,"pos":[4399.35205,-5973.79199,-552.450745],"rotationMatrix":[0.302134633,-0.95326519,0,0.95326519,0.302134633,0,0,0,0.999999881],"scale":1,"type":"cactus2"}
{"ctxid":0,"pos":[4362.22949,-5964.73926,-551.504272],"rotationMatrix":[-0.903708398,0.428148448,0,-0.428148448,-0.903708398,0,0,0,0.999999881],"scale":1,"type":"cactus2"}
{"ctxid":0,"pos":[4348.7417,-5988.49121,-551.366089],"rotationMatrix":[-0.934937775,0.354811281,0,-0.354811281,-0.934937775,0,0,0,0.999999881],"scale":1,"type":"cactus2"}
{"ctxid":0,"pos":[4318.44238,-5980.26562,-551.289307],"rotationMatrix":[-0.85708338,0.515177667,0,-0.515177667,-0.85708338,0,0,0,0.999999881],"scale":1,"type":"cactus2"}
{"ctxid":0,"pos":[4275.96045,-5959.67578,-551.409363],"rotationMatrix":[0.597423375,0.801926017,0,-0.801926017,0.597423375,0,0,0,0.999999881],"scale":1,"type":"cactus2"}
{"ctxid":0,"pos":[4308.02344,-5985.11865,-551.255676],"rotationMatrix":[0.999690115,0.0248891059,0,-0.0248891059,0.999690115,0,0,0,0.999999881],"scale":1,"type":"cactus2"}
{"ctxid":0,"pos":[4329.41162,-5963.09424,-551.4198],"rotationMatrix":[-0.64930594,-0.760527134,0,0.760527134,-0.64930594,0,0,0,0.999999881],"scale":1,"type":"cactus2"}
{"ctxid":0,"pos":[4252.87891,-5963.70752,-550.929871],"rotationMatrix":[0.97750926,-0.210892066,0,0.210892066,0.97750926,0,0,0,0.999999881],"scale":1,"type":"cactus2"}
{"ctxid":0,"pos":[4263.74219,-5960.74316,-551.483765],"rotationMatrix":[-0.432151556,0.901800811,0,-0.901800811,-0.432151556,0,0,0,0.999999881],"scale":1,"type":"cactus2"}
{"ctxid":0,"pos":[4248.87939,-5920.19678,-551.208252],"rotationMatrix":[-0.299580008,0.954071105,0,-0.954071105,-0.299580008,0,0,0,0.999999881],"scale":1,"type":"cactus2"}
{"ctxid":0,"pos":[4247.95654,-5927.73779,-551.310059],"rotationMatrix":[-0.217366889,-0.976089895,0,0.976089895,-0.217366889,0,0,0,0.999999881],"scale":1,"type":"cactus2"}
{"ctxid":0,"pos":[3960.35742,-5983.07129,-549.77002],"rotationMatrix":[0.664963722,0.746875644,0,-0.746875644,0.664963722,0,0,0,0.999999881],"scale":1,"type":"cactus2"}
{"ctxid":0,"pos":[3897.61108,-5976.88477,-550.462463],"rotationMatrix":[-0.849833608,0.527050734,0,-0.527050734,-0.849833608,0,0,0,0.999999881],"scale":1,"type":"cactus2"}
{"ctxid":0,"pos":[3833.68823,-5948.00781,-550.466736],"rotationMatrix":[0.943632782,-0.330993831,0,0.330993831,0.943632782,0,0,0,0.999999881],"scale":1,"type":"cactus2"}
{"ctxid":0,"pos":[3854.75757,-5957.70508,-550.59259],"rotationMatrix":[-0.516762316,0.856128752,0,-0.856128752,-0.516762316,0,0,0,0.999999881],"scale":1,"type":"cactus2"}
{"ctxid":0,"pos":[4184.92334,-6094.34521,-550.517822],"rotationMatrix":[-0.00584581448,0.999982893,0,-0.999982893,-0.00584581448,0,0,0,0.999999881],"scale":1,"type":"cactus2"}
{"ctxid":0,"pos":[4172.48975,-6112.28174,-549.097534],"rotationMatrix":[0.219716564,0.975563705,0,-0.975563705,0.219716564,0,0,0,0.999999881],"scale":1,"type":"cactus2"}
{"ctxid":0,"pos":[4341.50781,-6087.58691,-551.015625],"rotationMatrix":[0.900521278,-0.434811622,0,0.434811622,0.900521278,0,0,0,0.999999881],"scale":1,"type":"cactus2"}
{"ctxid":0,"pos":[4494.20557,-6024.55127,-551.468018],"rotationMatrix":[-0.568659127,0.822573066,0,-0.822573066,-0.568659127,0,0,0,0.999999881],"scale":1,"type":"cactus2"}
{"ctxid":0,"pos":[4292.53223,-6224.50391,-550.862671],"rotationMatrix":[-0.392828554,0.919611633,0,-0.919611633,-0.392828554,0,0,0,0.999999881],"scale":1,"type":"cactus2"}
{"ctxid":0,"pos":[4229.09473,-6199.82275,-549.707764],"rotationMatrix":[0.859397709,-0.511307657,0,0.511307657,0.859397709,0,0,0,0.999999881],"scale":1,"type":"cactus2"}
{"ctxid":0,"pos":[4109.74219,-6246.06104,-549.125732],"rotationMatrix":[0.362636864,0.931930482,0,-0.931930482,0.362636864,0,0,0,0.999999881],"scale":1,"type":"cactus2"}
{"ctxid":0,"pos":[4092.79834,-6222.40332,-549.255249],"rotationMatrix":[-0.996381462,0.0849923491,0,-0.0849923491,-0.996381462,0,0,0,0.999999881],"scale":1,"type":"cactus2"}
{"ctxid":0,"pos":[4098.51562,-6209.1543,-549.272766],"rotationMatrix":[-0.406180114,0.913792908,0,-0.913792908,-0.406180114,0,0,0,0.999999881],"scale":1,"type":"cactus2"}
{"ctxid":0,"pos":[4087.49268,-6198.1333,-549.23938],"rotationMatrix":[0.660255611,0.751040936,0,-0.751040936,0.660255611,0,0,0,0.999999881],"scale":1,"type":"cactus2"}
{"ctxid":0,"pos":[4033.56714,-6212.96729,-549.241455],"rotationMatrix":[0.349270612,-0.937021792,0,0.937021792,0.349270612,0,0,0,0.999999881],"scale":1,"type":"cactus2"}
{"ctxid":0,"pos":[4000.34717,-6228.16162,-549.220093],"rotationMatrix":[0.532965899,-0.84613651,0,0.84613651,0.532965899,0,0,0,0.999999881],"scale":1,"type":"cactus2"}
{"ctxid":0,"pos":[3960.44043,-6189.61914,-549.255249],"rotationMatrix":[0.717110753,0.696959257,0,-0.696959257,0.717110753,0,0,0,0.999999881],"scale":1,"type":"cactus2"}
{"ctxid":0,"pos":[3862.07495,-6197.95605,-550.267456],"rotationMatrix":[-0.999413311,0.0342479348,0,-0.0342479348,-0.999413311,0,0,0,0.999999881],"scale":1,"type":"cactus2"}
{"ctxid":0,"pos":[3888.0979,-6164.97314,-549.325439],"rotationMatrix":[0.888581932,0.458717912,0,-0.458717912,0.888581932,0,0,0,0.999999881],"scale":1,"type":"cactus2"}
{"ctxid":0,"pos":[3986.83032,-6305.854,-549.132385],"rotationMatrix":[-0.999314547,0.0370168351,0,-0.0370168351,-0.999314547,0,0,0,0.999999881],"scale":1,"type":"cactus2"}
{"ctxid":0,"pos":[4038.41479,-6338.07812,-549.360474],"rotationMatrix":[-0.0260822661,-0.999659657,0,0.999659657,-0.0260822661,0,0,0,0.999999881],"scale":1,"type":"cactus2"}
{"ctxid":0,"pos":[4053.38452,-6377.99561,-546.32843],"rotationMatrix":[0.768965065,-0.639290631,0,0.639290631,0.768965065,0,0,0,0.999999881],"scale":1,"type":"cactus2"}
{"ctxid":0,"pos":[3647.72461,-6286.67627,-554.37915],"rotationMatrix":[0.522540927,-0.852614105,0,0.852614105,0.522540927,0,0,0,0.999999881],"scale":1,"type":"cactus2"}
{"ctxid":0,"pos":[3622.88062,-6217.69824,-554.37915],"rotationMatrix":[-0.45463109,-0.890679717,0,0.890679717,-0.45463109,0,0,0,0.999999881],"scale":1,"type":"cactus2"}
{"ctxid":0,"pos":[3655.24756,-6176.41895,-554.37915],"rotationMatrix":[0.948817253,-0.315825313,0,0.315825313,0.948817253,0,0,0,0.999999881],"scale":1,"type":"cactus2"}
{"ctxid":0,"pos":[3510.56641,-6249.6582,-554.37915],"rotationMatrix":[-0.0209700856,-0.999780059,0,0.999780059,-0.0209700856,0,0,0,0.999999881],"scale":1,"type":"cactus2"}
{"ctxid":0,"pos":[3606.03369,-6305.21289,-554.37915],"rotationMatrix":[-0.0558025129,-0.998441756,0,0.998441756,-0.0558025129,0,0,0,0.999999881],"scale":1,"type":"cactus2"}
{"ctxid":0,"pos":[3806.28687,-6263.12305,-554.23645],"rotationMatrix":[0.0192250628,0.999815106,0,-0.999815106,0.0192250628,0,0,0,0.999999881],"scale":1,"type":"cactus2"}
{"ctxid":0,"pos":[3821.81689,-6261.66455,-553.490112],"rotationMatrix":[-0.322437704,0.946590602,0,-0.946590602,-0.322437704,0,0,0,0.999999881],"scale":1,"type":"cactus2"}
{"ctxid":0,"pos":[3822.58228,-5870.00684,-545.929077],"rotationMatrix":[-0.0528221354,0.998603821,0,-0.998603821,-0.0528221354,0,0,0,0.999999881],"scale":1,"type":"cactus2"}
{"ctxid":0,"pos":[4278.05615,-6309.65039,-550.140808],"rotationMatrix":[-0.45506081,0.890460193,0,-0.890460193,-0.45506081,0,0,0,0.999999881],"scale":1,"type":"cactus2"}
{"ctxid":0,"pos":[4341.0083,-6344.7959,-547.727112],"rotationMatrix":[0.700641036,-0.713513792,0,0.713513792,0.700641036,0,0,0,0.999999881],"scale":1,"type":"cactus2"}
{"ctxid":0,"pos":[4432.78711,-6389.5835,-551.627441],"rotationMatrix":[-0.934503973,0.355952531,0,-0.355952531,-0.934503973,0,0,0,0.999999881],"scale":1,"type":"cactus2"}
{"ctxid":0,"pos":[4389.75244,-6355.06787,-551.360962],"rotationMatrix":[0.96619755,-0.257802278,0,0.257802278,0.96619755,0,0,0,0.999999881],"scale":1,"type":"cactus2"}
{"ctxid":0,"pos":[4388.70215,-6358.95947,-551.374451],"rotationMatrix":[-0.898843586,0.438269258,0,-0.438269258,-0.898843586,0,0,0,0.999999881],"scale":1,"type":"cactus2"}
{"ctxid":0,"pos":[4404.54346,-6309.92627,-551.095093],"rotationMatrix":[0.694059968,0.719917178,0,-0.719917178,0.694059968,0,0,0,0.999999881],