{"ctxid":0,"pos":[1200.73755,2207.81445,-556.521606],"rotationMatrix":[0.984173357,0.177210987,0,-0.177210987,0.984173357,0,0,0,1],"scale":1,"type":"dirtracetrack"}
{"ctxid":0,"pos":[-632.377563,189.561874,-540.745972],"rotationMatrix":[-0.00489766337,-0.999987721,0,0.999987721,-0.00489766337,0,0,0,1],"scale":1,"type":"dirtracetrack"}
{"ctxid":0,"pos":[-1401.44226,1117.7417,-538.103516],"rotationMatrix":[-0.862547219,0.505976617,0,-0.505976617,-0.862547219,0,0,0,1],"scale":1,"type":"dirtracetrack"}
