{"ctxid":0,"pos":[5774.29297,-6507.61865,-549.180969],"rotationMatrix":[-0.885898232,-0.463880658,0,0.463880658,-0.885898232,0,0,0,1],"scale":1,"type":"Eastdale"}
{"ctxid":0,"pos":[5351.18115,-5948.00781,-550.098755],"rotationMatrix":[0.0127039831,-0.999919355,0,0.999919355,0.0127039831,0,0,0,1],"scale":1,"type":"Eastdale"}
{"ctxid":0,"pos":[5195.84033,-5774.12939,-551.147522],"rotationMatrix":[-0.997567654,0.0697067082,0,-0.0697067082,-0.997567654,0,0,0,1],"scale":1,"type":"Eastdale"}
{"ctxid":0,"pos":[5276.36768,-5307.0752,-549.042847],"rotationMatrix":[-0.660904884,0.750469327,0,-0.750469327,-0.660904884,0,0,0,1],"scale":1,"type":"Eastdale"}
