{"ctxid":0,"pos":[4960.35693,-6592.35498,-535.434143],"rotationMatrix":[-0.388509899,-0.921444535,0,0.921444535,-0.388509899,0,0,0,1],"scale":1,"type":"eucalyptus_tall"}
{"ctxid":0,"pos":[4993.20898,-6609.71924,-536.235657],"rotationMatrix":[-0.718994558,0.695015728,0,-0.695015728,-0.718994558,0,0,0,1],"scale":1,"type":"eucalyptus_tall"}
{"ctxid":0,"pos":[4991.49609,-6594.81055,-536.848694],"rotationMatrix":[0.979858458,0.199693263,0,-0.199693263,0.979858458,0,0,0,1],"scale":1,"type":"eucalyptus_tall"}
{"ctxid":0,"pos":[5003.04932,-6578.63525,-538.587585],"rotationMatrix":[-0.996792138,0.0800337717,0,-0.0800337717,-0.996792138,0,0,0,1],"scale":1,"type":"eucalyptus_tall"}
{"ctxid":0,"pos":[5007.93994,-6543.3418,-541.222656],"rotationMatrix":[0.603951812,-0.797020853,0,0.797020853,0.603951812,0,0,0,1],"scale":1,"type":"eucalyptus_tall"}
{"ctxid":0,"pos":[5038.9209,-6568.12012,-542.361084],"rotationMatrix":[0.3339957,-0.94257462,0,0.94257462,0.3339957,0,0,0,1],"scale":1,"type":"eucalyptus_tall"}
{"ctxid":0,"pos":[4986.87891,-6598.76953,-536.345276],"rotationMatrix":[0.0992696658,0.995060563,0,-0.995060563,0.0992696658,0,0,0,1],"scale":1,"type":"eucalyptus_tall"}
{"ctxid":0,"pos":[4982.02197,-6550.99658,-538.852539],"rotationMatrix":[-0.844786823,-0.535103023,0,0.535103023,-0.844786823,0,0,0,1],"scale":1,"type":"eucalyptus_tall"}
{"ctxid":0,"pos":[4984.56299,-6536.14795,-540.078857],"rotationMatrix":[0.983838975,0.179055497,0,-0.179055497,0.983838975,0,0,0,1],"scale":1,"type":"eucalyptus_tall"}
{"ctxid":0,"pos":[4992.57959,-6521.87549,-541.756348],"rotationMatrix":[-0.26355353,-0.96464479,0,0.96464479,-0.26355353,0,0,0,1],"scale":1,"type":"eucalyptus_tall"}
{"ctxid":0,"pos":[4953.7627,-6518.25,-539.922241],"rotationMatrix":[0.974430144,-0.224690571,0,0.224690571,0.974430144,0,0,0,1],"scale":1,"type":"eucalyptus_tall"}
{"ctxid":0,"pos":[5002.78516,-6521.43457,-542.463318],"rotationMatrix":[0.312011808,-0.950078249,0,0.950078249,0.312011808,0,0,0,1],"scale":1,"type":"eucalyptus_tall"}
{"ctxid":0,"pos":[4712.69775,-6519.97021,-538.332336],"rotationMatrix":[-0.952374279,-0.304931581,0,0.304931581,-0.952374279,0,0,0,1],"scale":1,"type":"eucalyptus_tall"}
{"ctxid":0,"pos":[4663.93604,-6539.69238,-536.69043],"rotationMatrix":[-0.562323749,0.826917171,0,-0.826917171,-0.562323749,0,0,0,1],"scale":1,"type":"eucalyptus_tall"}
{"ctxid":0,"pos":[4690.98193,-6542.30371,-535.757935],"rotationMatrix":[0.998107076,-0.0615000241,0,0.0615000241,0.998107076,0,0,0,1],"scale":1,"type":"eucalyptus_tall"}
{"ctxid":0,"pos":[4665.47607,-6495.95605,-541.070435],"rotationMatrix":[0.654375911,0.756169438,0,-0.756169438,0.654375911,0,0,0,1],"scale":1,"type":"eucalyptus_tall"}
{"ctxid":0,"pos":[4043.81177,-5478.57031,-506.917175],"rotationMatrix":[0.586749554,0.809768438,0,-0.809768438,0.586749554,0,0,0,1],"scale":1,"type":"eucalyptus_tall"}
{"ctxid":0,"pos":[4070.85791,-5474.50977,-507.412384],"rotationMatrix":[0.562418759,0.82685256,0,-0.82685256,0.562418759,0,0,0,1],"scale":1,"type":"eucalyptus_tall"}
{"ctxid":0,"pos":[4064.26733,-5443.89795,-506.995483],"rotationMatrix":[-0.945470035,0.325709164,0,-0.325709164,-0.945470035,0,0,0,1],"scale":1,"type":"eucalyptus_tall"}
{"ctxid":0,"pos":[4039.4436,-5456.83008,-506.509705],"rotationMatrix":[0.807578087,0.589760602,0,-0.589760602,0.807578087,0,0,0,1],"scale":1,"type":"eucalyptus_tall"}
{"ctxid":0,"pos":[4012.74487,-5423.08643,-505.345337],"rotationMatrix":[0.86137706,0.507966101,0,-0.507966101,0.86137706,0,0,0,1],"scale":1,"type":"eucalyptus_tall"}
{"ctxid":0,"pos":[4049.60913,-5445.1333,-506.616455],"rotationMatrix":[0.99768275,0.0680376589,0,-0.0680376589,0.99768275,0,0,0,1],"scale":1,"type":"eucalyptus_tall"}
{"ctxid":0,"pos":[4063.6062,-5476.63867,-507.279236],"rotationMatrix":[-0.280661851,-0.95980674,0,0.95980674,-0.280661851,0,0,0,1],"scale":1,"type":"eucalyptus_tall"}
{"ctxid":0,"pos":[4072.85181,-5444.36865,-507.233582],"rotationMatrix":[-0.83205682,0.554690421,0,-0.554690421,-0.83205682,0,0,0,1],"scale":1,"type":"eucalyptus_tall"}
{"ctxid":0,"pos":[3865.93115,-5266.46973,-498.84259],"rotationMatrix":[0.764191628,-0.644989252,0,0.644989252,0.764191628,0,0,0,1],"scale":1,"type":"eucalyptus_tall"}
{"ctxid":0,"pos":[3856.79419,-5229.21387,-498.043854],"rotationMatrix":[0.993542612,0.113459654,0,-0.113459654,0.993542612,0,0,0,1],"scale":1,"type":"eucalyptus_tall"}
{"ctxid":0,"pos":[3858.54004,-5248.09863,-498.342407],"rotationMatrix":[0.419520646,-0.907745779,0,0.907745779,0.419520646,0,0,0,1],"scale":1,"type":"eucalyptus_tall"}
{"ctxid":0,"pos":[3903.88379,-5234.38232,-504.213409],"rotationMatrix":[0.465439439,-0.885079741,0,0.885079741,0.465439439,0,0,0,1],"scale":1,"type":"eucalyptus_tall"}
{"ctxid":0,"pos":[3875.15771,-5252.05176,-498.831604],"rotationMatrix":[-0.271169603,-0.962531567,0,0.962531567,-0.271169603,0,0,0,1],"scale":1,"type":"eucalyptus_tall"}
{"ctxid":0,"pos":[3858.72461,-5283.37891,-498.954132],"rotationMatrix":[0.47265619,-0.881246924,0,0.881246924,0.47265619,0,0,0,1],"scale":1,"type":"eucalyptus_tall"}
{"ctxid":0,"pos":[3895.84546,-5312.21484,-501.049011],"rotationMatrix":[0.166134864,0.986103058,0,-0.986103058,0.166134864,0,0,0,1],"scale":1,"type":"eucalyptus_tall"}
{"ctxid":0,"pos":[3896.07959,-5300.21191,-500.966187],"rotationMatrix":[0.999170899,0.0407128483,0,-0.0407128483,0.999170899,0,0,0,1],"scale":1,"type":"eucalyptus_tall"}
{"ctxid":0,"pos":[2074.01831,-6559.73242,-551.417908],"rotationMatrix":[0.999472618,0.0324729234,0,-0.0324729234,0.999472618,0,0,0,1],"scale":1,"type":"eucalyptus_tall"}
{"ctxid":0,"pos":[2107.88745,-6520.3457,-550.91156],"rotationMatrix":[0.509231985,-0.86062932,0,0.86062932,0.509231985,0,0,0,1],"scale":1,"type":"eucalyptus_tall"}
{"ctxid":0,"pos":[2098.07593,-6543.03613,-551.251282],"rotationMatrix":[-0.958313823,-0.285717696,0,0.285717696,-0.958313823,0,0,0,1],"scale":1,"type":"eucalyptus_tall"}
{"ctxid":0,"pos":[2101.31616,-6562.39502,-553.010498],"rotationMatrix":[0.0997498259,0.995012522,0,-0.995012522,0.0997498259,0,0,0,1],"scale":1,"type":"eucalyptus_tall"}
{"ctxid":0,"pos":[2152.37769,-6466.78271,-549.535828],"rotationMatrix":[-0.143667579,0.98962599,0,-0.98962599,-0.143667579,0,0,0,1],"scale":1,"type":"eucalyptus_tall"}
{"ctxid":0,"pos":[2103.11621,-6486.17676,-550.000732],"rotationMatrix":[0.741138816,-0.67135179,0,0.67135179,0.741138816,0,0,0,1],"scale":1,"type":"eucalyptus_tall"}
{"ctxid":0,"pos":[2121.61646,-6513.05762,-551.023865],"rotationMatrix":[-0.264366627,0.964422286,0,-0.964422286,-0.264366627,0,0,0,1],"scale":1,"type":"eucalyptus_tall"}
{"ctxid":0,"pos":[2177.83228,-6492.49854,-552.422058],"rotationMatrix":[-0.788886428,-0.614539027,0,0.614539027,-0.788886428,0,0,0,1],"scale":1,"type":"eucalyptus_tall"}
{"ctxid":0,"pos":[1929.32788,-6365.8833,-548.632812],"rotationMatrix":[0.823367715,0.567508221,0,-0.567508221,0.823367715,0,0,0,1],"scale":1,"type":"eucalyptus_tall"}
{"ctxid":0,"pos":[1913.65564,-6409.4209,-550.871826],"rotationMatrix":[-0.266207457,0.963915765,0,-0.963915765,-0.266207457,0,0,0,1],"scale":1,"type":"eucalyptus_tall"}
{"ctxid":0,"pos":[1939.35278,-6358.69336,-547.959595],"rotationMatrix":[-0.989432335,-0.144995511,0,0.144995511,-0.989432335,0,0,0,1],"scale":1,"type":"eucalyptus_tall"}
{"ctxid":0,"pos":[1906.479,-6387.76855,-550.199951],"rotationMatrix":[0.903429091,-0.428737611,0,0.428737611,0.903429091,0,0,0,1],"scale":1,"type":"eucalyptus_tall"}
{"ctxid":0,"pos":[1849.13367,-6395.9834,-550.105835],"rotationMatrix":[0.722822309,-0.6910339,0,0.6910339,0.722822309,0,0,0,1],"scale":1,"type":"eucalyptus_tall"}
{"ctxid":0,"pos":[1854.45593,-6385.68164,-549.784668],"rotationMatrix":[-0.00508018909,0.999987125,0,-0.999987125,-0.00508018909,0,0,0,1],"scale":1,"type":"eucalyptus_tall"}
{"ctxid":0,"pos":[1821.58362,-6389.86133,-549.189331],"rotationMatrix":[0.560789347,0.827958524,0,-0.827958524,0.560789347,0,0,0,1],"scale":1,"type":"eucalyptus_tall"}
{"ctxid":0,"pos":[1865.02466,-6357.03809,-548.570679],