{"ctxid":0,"pos":[6096.93994,3004.3501,514.926025],"rotationMatrix":[-0.964558482,0.26343438,0,-0.26343438,-0.964558482,0,0,0,1],"scale":1,"type":"grass_field_filler"}
