{"ctxid":0,"pos":[-2313.09033,1435.12451,-547.921631],"rotationMatrix":[0.39936173,-0.9167943,0,0.9167943,0.39936173,0,0,0,1],"scale":1,"type":"GreenRidge"}
