{"ctxid":0,"pos":[3704.19995,1758.46399,-542.823853],"rotationMatrix":[-0.854591191,0.519301355,0,-0.519301355,-0.854591191,0,0,0,1],"scale":1,"type":"highmountains"}
{"ctxid":0,"pos":[4056.07935,1140.08752,-558.052185],"rotationMatrix":[-0.952691078,-0.303940266,0,0.303940266,-0.952691078,0,0,0,1],"scale":1,"type":"highmountains"}
