{"ctxid":0,"pos":[4299.76367,589.546692,-561.497314],"rotationMatrix":[-0.597292602,0.802024007,0,-0.802024007,-0.597292602,0,0,0,1],"scale":1,"type":"largesign"}
{"ctxid":0,"pos":[6482.8667,237.641495,-546.529053],"rotationMatrix":[0.493582219,0.869699121,0,-0.869699121,0.493582219,0,0,0,1],"scale":1,"type":"largesign"}
{"ctxid":0,"pos":[3333.89062,154.93251,-518.2854],"rotationMatrix":[-0.0644306913,0.997922122,0,-0.997922122,-0.0644306913,0,0,0,1],"scale":1,"type":"largesign"}
