{"ctxid":0,"pos":[3705.65771,2428.57983,-420.38559],"rotationMatrix":[-0.939402938,-0.342817277,0,0.342817277,-0.939402938,0,0,0,1],"scale":0.699862957,"type":"Map"}
