{"ctxid":0,"pos":[4677.98779,-2503.88916,-556.680481],"rotationMatrix":[0.948818505,0.315822065,0,-0.315822065,0.948818505,0,0,0,1],"scale":1,"type":"Maryville"}
{"ctxid":0,"pos":[4740.69043,-2736.40405,-560.634827],"rotationMatrix":[0.777518094,-0.628860474,0,0.628860474,0.777518094,0,0,0,1],"scale":1,"type":"Maryville"}
{"ctxid":0,"pos":[4458.13818,-2770.78564,-556.96521],"rotationMatrix":[-0.96055001,0.278108209,0,-0.278108209,-0.96055001,0,0,0,1],"scale":1,"type":"Maryville"}
