{"ctxid":0,"pos":[-3959.42871,-4147.77539,-499.435791],"rotationMatrix":[-0.227898195,0.973685384,0,-0.973685384,-0.227898195,0,0,0,1],"scale":1,"type":"NBState"}
{"ctxid":0,"pos":[-3665.30908,-6437.59277,-539.293762],"rotationMatrix":[-0.740814328,0.671710312,0,-0.671710312,-0.740814328,0,0,0,1],"scale":1,"type":"NBState"}
