{"ctxid":0,"pos":[5336.18848,-1396.30652,-545.359619],"rotationMatrix":[0.425067335,-0.905161619,0,0.905161619,0.425067335,0,0,0,1],"scale":1,"type":"NewCargill"}
{"ctxid":0,"pos":[4952.30029,-1518.88123,-545.212708],"rotationMatrix":[-0.748905778,-0.662676215,0,0.662676215,-0.748905778,0,0,0,1],"scale":1,"type":"NewCargill"}
{"ctxid":0,"pos":[4935.3623,-1028.32715,-493.340515],"rotationMatrix":[-0.681437731,0.731875956,0,-0.731875956,-0.681437731,0,0,0,1],"scale":1,"type":"NewCargill"}
{"ctxid":0,"pos":[5651.03564,-1143.45728,-556.973877],"rotationMatrix":[0.576290488,-0.817244768,0,0.817244768,0.576290488,0,0,0,1],"scale":1,"type":"NewCargill"}
{"ctxid":0,"pos":[5017.70166,-1577.18579,-540.321533],"rotationMatrix":[0.151986569,0.988382876,0,-0.988382876,0.151986569,0,0,0,1],"scale":1,"type":"NewCargill"}
{"ctxid":0,"pos":[5135.89014,-1731.8866,-547.242188],"rotationMatrix":[0.105036542,-0.994468212,0,0.994468212,0.105036542,0,0,0,1],"scale":1,"type":"NewCargill"}
