{"ctxid":0,"pos":[3647.80029,2421.78125,-420.718597],"rotationMatrix":[0.748081744,-0.663606644,0,0.663606644,0.748081744,0,0,0,1],"scale":1,"type":"northbarstowstate"}
