{"ctxid":0,"pos":[2356.72998,1135.98999,-528.057007],"rotationMatrix":[-0.865539193,0.50086385,0,-0.50086385,-0.865539193,0,0,0,1],"scale":1,"type":"oak_beech_wallblocker_long"}
{"ctxid":0,"pos":[2360.18994,1124.25,-529.302979],"rotationMatrix":[0.998895526,-0.0469858982,0,0.0469858982,0.998895526,0,0,0,1],"scale":1,"type":"oak_beech_wallblocker_long"}
