{"ctxid":0,"pos":[4763.73486,-6853.14307,-540.484863],"rotationMatrix":[-0.917965591,-0.39665997,0,0.39665997,-0.917965591,0,0,0,1],"scale":1,"type":"pine_radiata_large"}
{"ctxid":0,"pos":[4757.59082,-6848.99268,-540.962463],"rotationMatrix":[-0.919219851,-0.393744737,0,0.393744737,-0.919219851,0,0,0,1],"scale":1,"type":"pine_radiata_large"}
{"ctxid":0,"pos":[4776.54541,-6853.36035,-539.293945],"rotationMatrix":[-0.92977941,0.368117243,0,-0.368117243,-0.92977941,0,0,0,1],"scale":1,"type":"pine_radiata_large"}
{"ctxid":0,"pos":[4782.90479,-6896.0625,-549.596252],"rotationMatrix":[0.998627424,0.0523759611,0,-0.0523759611,0.998627424,0,0,0,1],"scale":1,"type":"pine_radiata_large"}
{"ctxid":0,"pos":[4755.20898,-6896.67334,-548.604187],"rotationMatrix":[-0.0605241545,0.99816674,0,-0.99816674,-0.0605241545,0,0,0,1],"scale":1,"type":"pine_radiata_large"}
{"ctxid":0,"pos":[4738.84521,-6886.11279,-547.813965],"rotationMatrix":[0.524832308,-0.851205647,0,0.851205647,0.524832308,0,0,0,1],"scale":1,"type":"pine_radiata_large"}
{"ctxid":0,"pos":[4737.08936,-6892.2666,-548.546021],"rotationMatrix":[-0.769086957,0.639144182,0,-0.639144182,-0.769086957,0,0,0,1],"scale":1,"type":"pine_radiata_large"}
