{"ctxid":0,"pos":[-1384.27893,-709.165405,-528.760315],"rotationMatrix":[-0.681779921,0.731556714,0,-0.731556714,-0.681779921,0,0,0,1],"scale":1,"type":"racetrack"}
{"ctxid":0,"pos":[-1143.66882,-806.261597,-547.449341],"rotationMatrix":[0.80025667,-0.599658012,0,0.599658012,0.80025667,0,0,0,1],"scale":1,"type":"racetrack"}
{"ctxid":0,"pos":[-1295.00146,-706.734192,-528.676025],"rotationMatrix":[0.427491784,0.904019237,0,-0.904019237,0.427491784,0,0,0,1],"scale":1,"type":"racetrack"}
{"ctxid":0,"pos":[-2507.88232,-629.915161,-507.591797],"rotationMatrix":[-0.700795591,0.713362157,0,-0.713362157,-0.700795591,0,0,0,1],"scale":1,"type":"racetrack"}
{"ctxid":0,"pos":[-1723.56189,-1164.79968,-510.618134],"rotationMatrix":[0.820745647,0.571293592,0,-0.571293592,0.820745647,0,0,0,0.999999762],"scale":1,"type":"racetrack"}
