{"ctxid":0,"pos":[-3189.81006,-3697.87988,-502.609009],"rotationMatrix":[-0.987220526,0.160484806,0,-0.160484806,-0.987220526,0,0,0,1],"scale":0.0270000007,"type":"road_sign_4"}
{"ctxid":0,"pos":[-3126.52002,-3768.78003,-498.670013],"rotationMatrix":[0.906255484,0.422737896,0,-0.422737896,0.906255484,0,0,0,1],"scale":0.0270000007,"type":"road_sign_4"}
{"ctxid":0,"pos":[-3761.82007,-3875.3501,-498.25],"rotationMatrix":[0.507372618,0.861775339,0,-0.861775339,0.507372618,0,0,0,1],"scale":0.0270000007,"type":"road_sign_4"}
{"ctxid":0,"pos":[1607.31006,3220.36011,-553.679993],"rotationMatrix":[0.150052786,0.988671541,0,-0.988671541,0.150052786,0,0,0,1],"scale":0.0270000007,"type":"road_sign_4"}
{"ctxid":0,"pos":[1636.37,2281.87988,-545.838013],"rotationMatrix":[0.104342699,0.99456501,0,-0.99456501,0.104342699,0,0,0,1],"scale":0.0270000007,"type":"road_sign_4"}
{"ctxid":0,"pos":[1519.18994,2284.11011,-543.267029],"rotationMatrix":[-0.120205045,0.992677748,0,-0.992677748,-0.120205045,0,0,0,1],"scale":0.0270000007,"type":"road_sign_4"}
{"ctxid":0,"pos":[1222.70996,2207.5,-554.870972],"rotationMatrix":[-0.0828033686,0.996567607,0,-0.996567607,-0.0828033686,0,0,0,1],"scale":0.0270000007,"type":"road_sign_4"}
{"ctxid":0,"pos":[3986.72998,1868.18005,-414.817993],"rotationMatrix":[0.895279169,-0.291355222,0.337021291,0.27265349,0.956614077,0.102703258,-0.352322757,-5.61028719e-05,0.935877264],"scale":0.0270000007,"type":"road_sign_4"}
{"ctxid":0,"pos":[3873.65991,1789.46997,-425.576996],"rotationMatrix":[-0.999599934,0.0319968015,0,-0.0319968015,-0.999599934,0,0,0,1],"scale":0.0270000007,"type":"road_sign_4"}
{"ctxid":0,"pos":[3936,1711.29004,-376.433014],"rotationMatrix":[-0.876371861,0.481587917,0,-0.481587917,-0.876371861,0,0,0,1],"scale":0.0270000007,"type":"road_sign_4"}
{"ctxid":0,"pos":[3675.71997,1823.16003,-547.47998],"rotationMatrix":[0.966769576,0.255660266,0,-0.255660266,0.966769576,0,0,0,1],"scale":0.0270000007,"type":"road_sign_4"}
{"ctxid":0,"pos":[3646.43994,1438.06995,-535.857971],"rotationMatrix":[-0.998800278,-0.0499850027,0,0.0499850027,-0.998800278,0,0,0,1],"scale":0.0270000007,"type":"road_sign_4"}
{"ctxid":0,"pos":[3250.5,1951.43994,-529.479004],"rotationMatrix":[-0.888013124,-0.459566802,0,0.459566802,-0.888013124,0,0,0,1],"scale":0.0270000007,"type":"road_sign_4"}
{"ctxid":0,"pos":[3165.81006,1036.18994,-553.687012],"rotationMatrix":[0.266739547,0.963713765,0,-0.963713765,0.266739547,0,0,0,1],"scale":0.0270000007,"type":"road_sign_4"}
{"ctxid":0,"pos":[3214.26001,1037.84998,-555.258972],"rotationMatrix":[0.575510979,-0.817742527,0,0.817742527,0.575510979,0,0,0,1],"scale":0.0270000007,"type":"road_sign_4"}
{"ctxid":0,"pos":[3056.23999,873.065002,-541.39502],"rotationMatrix":[0.615961552,-0.787795901,0,0.787795901,0.615961552,0,0,0,1],"scale":0.0270000007,"type":"road_sign_4"}
{"ctxid":0,"pos":[2930.20996,793.414001,-542.935974],"rotationMatrix":[-0.626847148,0.779241621,0,-0.779241621,-0.626847148,0,0,0,1],"scale":0.0270000007,"type":"road_sign_4"}
{"ctxid":0,"pos":[2914.3999,568.14801,-552.533997],"rotationMatrix":[0.0879397988,-0.996067524,0,0.996067524,0.0879397988,0,0,0,1],"scale":0.0270000007,"type":"road_sign_4"}
{"ctxid":0,"pos":[2033.56995,-421.388,-515.732971],"rotationMatrix":[-0.638049841,0.769973934,0,-0.769973934,-0.638049841,0,0,0,1],"scale":0.0270000007,"type":"road_sign_4"}
{"ctxid":0,"pos":[4274.52979,3020.96997,-383.010986],"rotationMatrix":[0.170012653,0.985497236,0,-0.985497236,0.170012653,0,0,0,1],"scale":0.0270000007,"type":"road_sign_4"}
{"ctxid":0,"pos":[4880.31982,2770.27002,-232.863007],"rotationMatrix":[-0.879084826,0.476507872,0,-0.476507872,-0.879084826,0,0,0,1],"scale":0.0270000007,"type":"road_sign_4"}
{"ctxid":0,"pos":[4657.2998,2983.21997,-248.074005],"rotationMatrix":[0.395879686,0.918271661,0,-0.918271661,0.395879686,0,0,0,1],"scale":0.0270000007,"type":"road_sign_4"}
{"ctxid":0,"pos":[4652.81982,2862.27002,-327.476013],"rotationMatrix":[0.917175531,0.398493707,0,-0.398493707,0.917175531,0,0,0,1],"scale":0.0270000007,"type":"road_sign_4"}
{"ctxid":0,"pos":[4631.20996,2778.42993,-355.834991],"rotationMatrix":[-0.785294175,-0.619032979,0,0.619032979,-0.785294175,0,0,0,1],"scale":0.0270000007,"type":"road_sign_4"}
{"ctxid":0,"pos":[4887.22021,2277.82007,-237.932999],"rotationMatrix":[0.290044785,0.95697391,0,-0.95697391,0.290044785,0,0,0,1],"scale":0.0270000007,"type":"road_sign_4"}
{"ctxid":0,"pos":[4771.27002,2372.22998,-312.237],"rotationMatrix":[-0.996002078,0.0901098028,0,-0.0901098028,-0.996002078,0,0,0,1],"scale":0.0270000007,"type":"road_sign_4"}
{"ctxid":0,"pos":[4797.66992,2148.96997,-305.044006],"rotationMatrix":[0.802179515,0.597109675,0,-0.597109675,0.802179515,0,0,0,1],"scale":0.0270000007,"type":"road_sign_4"}
{"ctxid":0,"pos":[4426.66016,2999.92993,-380.403015],"rotationMatrix":[0.98615551,0.165817603,0,-0.165817603,0.98615551,0,0,0,1],"scale":0.0270000007,"type":"road_sign_4"}
{"ctxid":0,"pos":[4185.1499,2096.61011,-441.19101],"rotationMatrix":[0.509355843,0.860534251,0,-0.860534251,0.509355843,0,0,0,1],"scale":0.0270000007,"type":"road_sign_4"}
{"ctxid":0,"pos":[5237.83984,-3271.94995,-552.849976],"rotationMatrix":[0.144306362,-0.989522457,0,0.989522457,0.144306362,0,0,0,1],"scale":0.0270000007,"type":"road_sign_4"}
{"ctxid":0,"pos":[-1384.23999,-3690.87988,-524.434998],"rotationMatrix":[0.770564616,0.637365699,0,-0.637365699,0.770564616,0,0,0,1],"scale":0.0270000007,"type":"road_sign_4"}
{"ctxid":0,"pos":[-1636.32996,-3663.70996,-526.666016],"rotationMatrix":[0.177981615,0.98408848,0,-0.98408848,0.177981615,0,0,0,1],"scale":0.0270000007,"type":"road_sign_4"}
{"ctxid":0,"pos":[3787.62988,2892.79004,-422.963989],"rotationMatrix":[-0.119008064,0.992895186,0,-0.992895186,-0.119008064,0,0,0,1],"scale":0.0270000007,"type":"road_sign_4"}
{"ctxid":0,"pos":[3656.55005,2863.5,-393.381989],"rotationMatrix":[-0.752191901,0.658756793,0,-0.658756793,-0.752191901,0,0,0,1],"scale":0.0270000007,"type":"road_sign_4"}
{"ctxid":0,"pos":[3693.69995,2676.36011,-419.016998],"rotationMatrix":[-0.987220526,0.159687355,0,-0.159687355,-0.987220526,0,0,0,1],"scale":0.0270000007,"type":"road_sign_4"}
{"ctxid":0,"pos":[3789.63989,2283.53003,-428.346008],"rotationMatrix":[-0.716804624,-0.697098613,0,0.697098613,-0.716804624,0,0,0,1],"scale":0.0270000007,"type":"road_sign_4"}
{"ctxid":0,"pos":[3997.25,2051.84009,-445.786987],"rotationMatrix":[0.557823896,0.829997063,0,-0.829997063,0.557823896,0,0,0,1],"scale":0.0270000007,"type":"road_sign_4"}
{"ctxid":0,"pos":[3277,2891.72998,-421.457001],"rotationMatrix":[0.906687975,0.421804816,0,-0.421804816,0.906687975,0,0,0,1],"scale":0.0270000007,"type":"road_sign_4"}
{"ctxid":0,"pos":[3497.57007,2669.31006,-422.149994],"rotationMatrix":[0.91595,0.401308,0,-0.401308,0.91595,0,0,0,1],"scale":0.0270000007,"type":"road_sign_4"}
{"ctxid":0,"pos":[3166.66992,2080.18994,-530.427002],"rotationMatrix":[0.663800001,0.747922003,0,-0.747922003,0.663800001,0,0,0,1],"scale":0.0270000007,"type":"road_sign_4"}
{"ctxid":0,"pos":[2876.37988,3512.46997,-463.838989],"rotationMatrix":[0.053311944,0.99856329,0,-0.99856329,0.053311944,0,0,0,1],"scale":0.0270000007,"type":"road_sign_4"}
{"ctxid":0,"pos":[2614.87988,2979.93994,-414.946991],"rotationMatrix":[0.653055489,-0.75728029,0,0.75728029,0.653055489,0,0,0,1],"scale":0.0270000007,"type":"road_sign_4"}
{"ctxid":0,"pos":[2540.87012,2889.22998,-435.515991],"rotationMatrix":[-0.900080085,0.435301006,0,-0.435301006,-0.900080085,0,0,0,1],"scale":0.0270000007,"type":"road_sign_4"}
{"ctxid":0,"pos":[2067.08008,2834.26001,-514.586975],"rotationMatrix":[-0.998400331,-0.0589764006,0,0.0589764006,-0.998400331,0,0,0,1],"scale":0.0270000007,"type":"road_sign_4"}
{"ctxid":0,"pos":[5081.62012,1955.64001,-215.395004],"rotationMatrix":[-0.957429051,0.289271325,0,-0.289271325,-0.957429051,0,0,0,1],"scale":0.0270000007,"type":"road_sign_4"}
{"ctxid":0,"pos":[4979.2998,1972.13,-274.434998],