{"ctxid":0,"pos":[-2432.62988,-3862.36011,-519.276001],"rotationMatrix":[0.0841542482,0.99650842,0,-0.99650842,0.0841542482,0,0,0,1],"scale":0.0270000007,"type":"road_sign_6"}
{"ctxid":0,"pos":[-2658.33008,-3829.04004,-506.639008],"rotationMatrix":[0.222246051,-0.97506094,0,0.97506094,0.222246051,0,0,0,1],"scale":0.0270000007,"type":"road_sign_6"}
{"ctxid":0,"pos":[-2744.58008,-3945.54004,-490.431],"rotationMatrix":[-0.995602369,-0.0944959372,0,0.0944959372,-0.995602369,0,0,0,1],"scale":0.0270000007,"type":"road_sign_6"}
{"ctxid":0,"pos":[1315.17004,2203.8999,-547.835022],"rotationMatrix":[0.176442146,-0.984367847,0,0.984367847,0.176442146,0,0,0,1],"scale":0.0270000007,"type":"road_sign_6"}
{"ctxid":0,"pos":[3708.16992,1895.64001,-535.14801],"rotationMatrix":[0.764015496,0.645230353,0,-0.645230353,0.764015496,0,0,0,1],"scale":0.0270000007,"type":"road_sign_6"}
{"ctxid":0,"pos":[2506.52002,603.552002,-561.091003],"rotationMatrix":[0.106750309,0.99429673,0,-0.99429673,0.106750309,0,0,0,1],"scale":0.0270000007,"type":"road_sign_6"}
{"ctxid":0,"pos":[2257.93994,723.018005,-556.609009],"rotationMatrix":[-0.5569067,-0.830773711,0,0.830773711,-0.5569067,0,0,0,1],"scale":0.0270000007,"type":"road_sign_6"}
{"ctxid":0,"pos":[2038.33997,997.30603,-561.994995],"rotationMatrix":[-0.342504978,-0.939573288,0,0.939573288,-0.342504978,0,0,0,1],"scale":0.0270000007,"type":"road_sign_6"}
{"ctxid":0,"pos":[2025.68994,-689.916016,-446.18399],"rotationMatrix":[0.889831841,-0.456303746,0,0.456303746,0.889831841,0,0,0,1],"scale":0.0270000007,"type":"road_sign_6"}
{"ctxid":0,"pos":[5102.20996,2167.76001,-181.197998],"rotationMatrix":[-0.943603396,-0.331425965,0,0.331425965,-0.943603396,0,0,0,1],"scale":0.0270000007,"type":"road_sign_6"}
{"ctxid":0,"pos":[5025.97998,2163.76001,-232.591003],"rotationMatrix":[-0.617121339,-0.786800027,0,0.786800027,-0.617121339,0,0,0,1],"scale":0.0270000007,"type":"road_sign_6"}
{"ctxid":0,"pos":[4340.27979,3018.48999,-383.684998],"rotationMatrix":[-0.288333654,-0.957501769,0,0.957501769,-0.288333654,0,0,0,1],"scale":0.0270000007,"type":"road_sign_6"}
{"ctxid":0,"pos":[4767.3501,2546.8501,-322.431],"rotationMatrix":[0.885566711,-0.464526385,0,0.464526385,0.885566711,0,0,0,1],"scale":0.0270000007,"type":"road_sign_6"}
{"ctxid":0,"pos":[4656.52979,2000.43005,-362.990997],"rotationMatrix":[0.329749644,-0.944070101,0,0.944070101,0.329749644,0,0,0,1],"scale":0.0270000007,"type":"road_sign_6"}
{"ctxid":0,"pos":[4145.2002,2966.80005,-395.54599],"rotationMatrix":[0.535351992,0.844656825,0,-0.844656825,0.535351992,0,0,0,1],"scale":0.0270000007,"type":"road_sign_6"}
{"ctxid":0,"pos":[4020.47998,2978.77002,-390.164001],"rotationMatrix":[-0.0646322966,-0.997946918,0,0.997946918,-0.0646322966,0,0,0,1],"scale":0.0270000007,"type":"road_sign_6"}
{"ctxid":0,"pos":[4306.02979,2065.37988,-422.411011],"rotationMatrix":[-0.918840528,0.394542605,0,-0.394542605,-0.918840528,0,0,0,1],"scale":0.0270000007,"type":"road_sign_6"}
{"ctxid":0,"pos":[-1960.23999,-3905.37012,-512.135986],"rotationMatrix":[-0.530200243,0.847934186,0,-0.847934186,-0.530200243,0,0,0,1],"scale":0.0270000007,"type":"road_sign_6"}
{"ctxid":0,"pos":[3981.33008,2922.96997,-421.809998],"rotationMatrix":[0.0906389952,-0.995806217,0,0.995806217,0.0906389952,0,0,0,1],"scale":0.0270000007,"type":"road_sign_6"}
{"ctxid":0,"pos":[3593.67993,2797.55005,-397.649994],"rotationMatrix":[-0.114225864,-0.99345839,0,0.99345839,-0.114225864,0,0,0,1],"scale":0.0270000007,"type":"road_sign_6"}
{"ctxid":0,"pos":[3377.33008,2661.13989,-431.350006],"rotationMatrix":[-1,0.0136000002,0,-0.0136000002,-1,0,0,0,1],"scale":0.0270000007,"type":"road_sign_6"}
{"ctxid":0,"pos":[3206.48999,2917.48999,-435.119995],"rotationMatrix":[-0.404487967,-0.91459322,0,0.91459322,-0.404487967,0,0,0,1],"scale":0.0270000007,"type":"road_sign_6"}
{"ctxid":0,"pos":[2882.26001,2938.01001,-457.578003],"rotationMatrix":[0.250667155,0.968097329,0,-0.968097329,0.250667155,0,0,0,1],"scale":0.0270000007,"type":"road_sign_6"}
{"ctxid":0,"pos":[2738.16992,2899.87988,-456.048004],"rotationMatrix":[-0.387111545,-0.922076166,0,0.922076166,-0.387111545,0,0,0,1],"scale":0.0270000007,"type":"road_sign_6"}
{"ctxid":0,"pos":[4756.83984,1995.97998,-346.761993],"rotationMatrix":[0.0522109866,0.998593032,0,-0.998593032,0.0522109866,0,0,0,1],"scale":0.0270000007,"type":"road_sign_6"}
{"ctxid":0,"pos":[4500.27979,1703.69995,-270.734985],"rotationMatrix":[0.965991676,-0.258583218,0,0.258583218,0.965991676,0,0,0,1],"scale":0.0270000007,"type":"road_sign_6"}
{"ctxid":0,"pos":[4488.14014,1537.47998,-260.795013],"rotationMatrix":[0.0549625158,-0.998517215,0,0.998517215,0.0549625158,0,0,0,1],"scale":0.0270000007,"type":"road_sign_6"}
{"ctxid":0,"pos":[4226.74023,1901.43994,-404.615997],"rotationMatrix":[0.994818389,-0.101667665,0,0.101667665,0.994818389,0,0,0,1],"scale":0.0270000007,"type":"road_sign_6"}
{"ctxid":0,"pos":[-2720.30005,-4021.09009,-482.003998],"rotationMatrix":[0.955836058,-0.293901086,0,0.293901086,0.955836058,0,0,0,1],"scale":0.0270000007,"type":"road_sign_6"}
{"ctxid":0,"pos":[-2950.72998,-4025.66992,-486.662994],"rotationMatrix":[-0.909839511,0.414723665,0,-0.414723665,-0.909839511,0,0,0,1],"scale":0.0270000007,"type":"road_sign_6"}
{"ctxid":0,"pos":[-2869.72998,-4184.81006,-468.602997],"rotationMatrix":[0.980831206,-0.19486016,0,0.19486016,0.980831206,0,0,0,1],"scale":0.0270000007,"type":"road_sign_6"}
{"ctxid":0,"pos":[-2862.67993,-5547.45996,-512.896973],"rotationMatrix":[-0.402812362,0.915219963,0,-0.915219963,-0.402812362,0,0,0,1],"scale":0.0270000007,"type":"road_sign_6"}
{"ctxid":0,"pos":[-3368,-4760.33008,-501.747009],"rotationMatrix":[-0.998400331,-0.0591763183,0,0.0591763183,-0.998400331,0,0,0,1],"scale":0.0270000007,"type":"road_sign_6"}
{"ctxid":0,"pos":[-3850.68994,-4302.47998,-482.945007],"rotationMatrix":[-0.949522495,-0.313171566,0,0.313171566,-0.949522495,0,0,0,1],"scale":0.0270000007,"type":"road_sign_6"}
{"ctxid":0,"pos":[-3594.92993,-4565.81006,-472.458008],"rotationMatrix":[0.458367705,0.888739109,0,-0.888739109,0.458367705,0,0,0,1],"scale":0.0270000007,"type":"road_sign_6"}
{"ctxid":0,"pos":[-3017.48999,-5578.9502,-515.21698],"rotationMatrix":[0.1171453,-0.993145049,0,0.993145049,0.1171453,0,0,0,1],"scale":0.0270000007,"type":"road_sign_6"}
{"ctxid":0,"pos":[-1021.65997,109.205002,-544.932983],"rotationMatrix":[-0.716804624,0.697098613,0,-0.697098613,-0.716804624,0,0,0,1],"scale":0.0270000007,"type":"road_sign_6"}
{"ctxid":0,"pos":[1947.75,-635.66803,-528.729004],"rotationMatrix":[0.939934194,-0.341366321,0,0.341366321,0.939934194,0,0,0,1],"scale":0.0270000007,"type":"road_sign_6"}
