{"ctxid":0,"pos":[-3873.32007,-3895.28003,-496.247986],"rotationMatrix":[0.707999229,-0.706197202,0,0.706197202,0.707999229,0,0,0,1],"scale":0.0270000007,"type":"road_sign_5"}
{"ctxid":0,"pos":[1655.27002,2045.68994,-548.117004],"rotationMatrix":[-0.985625863,-0.168989435,0,0.168989435,-0.985625863,0,0,0,1],"scale":0.0270000007,"type":"road_sign_5"}
{"ctxid":0,"pos":[1393.58997,2245.97998,-541.138],"rotationMatrix":[-0.736129761,0.676973224,0,-0.676973224,-0.736129761,0,0,0,1],"scale":0.0270000007,"type":"road_sign_5"}
{"ctxid":0,"pos":[1132.01001,2125.95996,-557.182007],"rotationMatrix":[0.532455504,-0.846415102,0,0.846415102,0.532455504,0,0,0,1],"scale":0.0270000007,"type":"road_sign_5"}
{"ctxid":0,"pos":[3948.05005,1878.68005,-420.666992],"rotationMatrix":[0.842190385,-0.539159477,0,0.539159477,0.842190385,0,0,0,1],"scale":0.0270000007,"type":"road_sign_5"}
{"ctxid":0,"pos":[3934.84009,1992.56995,-447.906006],"rotationMatrix":[0.542458177,-0.840086102,0,0.840086102,0.542458177,0,0,0,1],"scale":0.0270000007,"type":"road_sign_5"}
{"ctxid":0,"pos":[3909.6001,1777.57996,-422.955994],"rotationMatrix":[-0.931005359,0.364741117,0,-0.364741117,-0.931005359,0,0,0,1],"scale":0.0270000007,"type":"road_sign_5"}
{"ctxid":0,"pos":[3965.65991,1692.51001,-374.006989],"rotationMatrix":[-0.840512872,0.541620731,0,-0.541620731,-0.840512872,0,0,0,1],"scale":0.0270000007,"type":"road_sign_5"}
{"ctxid":0,"pos":[3738.8999,1826.65002,-534.609985],"rotationMatrix":[-0.968524814,-0.248818696,0,0.248818696,-0.968524814,0,0,0,1],"scale":0.0270000007,"type":"road_sign_5"}
{"ctxid":0,"pos":[3610.13989,1866.59998,-548.518005],"rotationMatrix":[0.130119503,-0.991492271,0,0.991492271,0.130119503,0,0,0,1],"scale":0.0270000007,"type":"road_sign_5"}
{"ctxid":0,"pos":[3964.48999,1168.16003,-556.197998],"rotationMatrix":[-0.260236859,-0.965578318,0,0.965578318,-0.260236859,0,0,0,1],"scale":0.0270000007,"type":"road_sign_5"}
{"ctxid":0,"pos":[3782.72998,1247.35999,-551.619995],"rotationMatrix":[0.475097418,0.879926503,0,-0.879926503,0.475097418,0,0,0,1],"scale":0.0270000007,"type":"road_sign_5"}
{"ctxid":0,"pos":[3272.94995,1136,-558.275024],"rotationMatrix":[-0.980049968,-0.198204011,0,0.198204011,-0.980049968,0,0,0,1],"scale":0.0270000007,"type":"road_sign_5"}
{"ctxid":0,"pos":[3087.16992,947.896973,-547.098022],"rotationMatrix":[-0.999599934,0.034396559,0,-0.034396559,-0.999599934,0,0,0,1],"scale":0.0270000007,"type":"road_sign_5"}
{"ctxid":0,"pos":[3098.32007,961.500977,-547.867981],"rotationMatrix":[0.98872,0.149779439,0,-0.149779439,0.98872,0,0,0,1],"scale":0.0270000007,"type":"road_sign_5"}
{"ctxid":0,"pos":[2950.09009,627.03302,-547.56897],"rotationMatrix":[-0.980846047,-0.195656314,0,0.195656314,-0.980846047,0,0,0,1],"scale":0.0270000007,"type":"road_sign_5"}
{"ctxid":0,"pos":[2921.13989,733.533997,-544.921021],"rotationMatrix":[0.847979009,-0.530005693,0,0.530005693,0.847979009,0,0,0,1],"scale":0.0270000007,"type":"road_sign_5"}
{"ctxid":0,"pos":[2096.43994,-366.528015,-515.242004],"rotationMatrix":[0.364259183,-0.931284845,0,0.931284845,0.364259183,0,0,0,1],"scale":0.0270000007,"type":"road_sign_5"}
{"ctxid":0,"pos":[2049.69995,-614.575012,-447.526001],"rotationMatrix":[-0.987220526,-0.160484806,0,0.160484806,-0.987220526,0,0,0,1],"scale":0.0270000007,"type":"road_sign_5"}
{"ctxid":0,"pos":[5110.31982,2172.38989,-181.246002],"rotationMatrix":[0.808790743,0.588098347,0,-0.588098347,0.808790743,0,0,0,1],"scale":0.0270000007,"type":"road_sign_5"}
{"ctxid":0,"pos":[4858.85986,2896.57007,-225.985992],"rotationMatrix":[-0.374813676,-0.926933825,0,0.926933825,-0.374813676,0,0,0,1],"scale":0.0270000007,"type":"road_sign_5"}
{"ctxid":0,"pos":[4677.02979,2941.8501,-264.825012],"rotationMatrix":[0.480004013,0.877231896,0,-0.877231896,0.480004013,0,0,0,1],"scale":0.0270000007,"type":"road_sign_5"}
{"ctxid":0,"pos":[4634.25,2960.41992,-255.091995],"rotationMatrix":[0.394999981,0.918720007,0,-0.918720007,0.394999981,0,0,0,1],"scale":0.0270000007,"type":"road_sign_5"}
{"ctxid":0,"pos":[4657.87988,2756.72998,-346.458008],"rotationMatrix":[-0.99200809,0.125348791,0,-0.125348791,-0.99200809,0,0,0,1],"scale":0.0270000007,"type":"road_sign_5"}
{"ctxid":0,"pos":[4621.56982,2873.20996,-331.923004],"rotationMatrix":[0.777555466,0.628780901,0,-0.628780901,0.777555466,0,0,0,1],"scale":0.0270000007,"type":"road_sign_5"}
{"ctxid":0,"pos":[4798.52002,2371.1499,-295.031006],"rotationMatrix":[-0.961784363,0.273944646,0,-0.273944646,-0.961784363,0,0,0,1],"scale":0.0270000007,"type":"road_sign_5"}
{"ctxid":0,"pos":[4875.25,2223.30005,-244.311005],"rotationMatrix":[0.78299129,0.62203896,0,-0.62203896,0.78299129,0,0,0,1],"scale":0.0270000007,"type":"road_sign_5"}
{"ctxid":0,"pos":[4859.97998,2014.25,-324.959015],"rotationMatrix":[-0.496450067,-0.868113995,0,0.868113995,-0.496450067,0,0,0,1],"scale":0.0270000007,"type":"road_sign_5"}
{"ctxid":0,"pos":[4781.70996,2096.06006,-311.428986],"rotationMatrix":[0.874799907,0.484487295,0,-0.484487295,0.874799907,0,0,0,1],"scale":0.0270000007,"type":"road_sign_5"}
{"ctxid":0,"pos":[4040.36011,2954.01001,-414.437988],"rotationMatrix":[-0.147006631,-0.989185333,0,0.989185333,-0.147006631,0,0,0,1],"scale":0.0270000007,"type":"road_sign_5"}
{"ctxid":0,"pos":[5483.77979,-3132.56006,-543.442993],"rotationMatrix":[-0.608859181,0.793397725,0,-0.793397725,-0.608859181,0,0,0,1],"scale":0.0270000007,"type":"road_sign_5"}
{"ctxid":0,"pos":[4318.60986,-3175.51001,-556.992004],"rotationMatrix":[0.367557347,-0.926375031,0.0824430808,0.924557924,0.373561203,0.0755648389,-0.100797959,0.0484425202,0.993727207],"scale":0.0270000007,"type":"road_sign_5"}
{"ctxid":0,"pos":[-1731.21997,-3710.20996,-524.922974],"rotationMatrix":[0.225485325,-0.974272966,0,0.974272966,0.225485325,0,0,0,1],"scale":0.0270000007,"type":"road_sign_5"}
{"ctxid":0,"pos":[-783.971985,-36.5425987,-533.870972],"rotationMatrix":[0.831103265,-0.556092143,0,0.556092143,0.831103265,0,0,0,1],"scale":0.0270000007,"type":"road_sign_5"}
{"ctxid":0,"pos":[-966.403015,-115.977997,-546.257019],"rotationMatrix":[-0.0916508436,0.995754659,0,-0.995754659,-0.0916508436,0,0,0,1],"scale":0.0270000007,"type":"road_sign_5"}
{"ctxid":0,"pos":[3903.58008,2949.96997,-398.937988],"rotationMatrix":[-0.309285522,0.951016128,0,-0.951016128,-0.309285522,0,0,0,1],"scale":0.0270000007,"type":"road_sign_5"}
{"ctxid":0,"pos":[3757.25,2811.13989,-452.493988],"rotationMatrix":[0.733987808,-0.679144323,0,0.679144323,0.733987808,0,0,0,1],"scale":0.0270000007,"type":"road_sign_5"}
{"ctxid":0,"pos":[3759.02002,2662.62012,-466.063995],"rotationMatrix":[0.959159195,0.282856286,0,-0.282856286,0.959159195,0,0,0,1],"scale":0.0270000007,"type":"road_sign_5"}
{"ctxid":0,"pos":[3638.81006,2829.37012,-398.272003],"rotationMatrix":[-0.923937201,0.382119685,0,-0.382119685,-0.923937201,0,0,0,1],"scale":0.0270000007,"type":"road_sign_5"}
{"ctxid":0,"pos":[3713.63989,2657.69995,-433.296997],"rotationMatrix":[-0.979651928,0.201367751,0,-0.201367751,-0.979651928,0,0,0,1],"scale":0.0270000007,"type":"road_sign_5"}
{"ctxid":0,"pos":[3808.16992,2296.17993,-443.161011],"rotationMatrix":[-0.951497674,-0.307798475,0,0.307798475,-0.951497674,0,0,0,1],"scale":0.0270000007,"type":"road_sign_5"}
{"ctxid":0,"pos":[3348.83008,2858.69995,-404.221985],"rotationMatrix":[0.103271663,0.99462384,0,-0.99462384,0.103271663,0,0,0,1],"scale":0.0270000007,"type":"road_sign_5"}
{"ctxid":0,"pos":[3386.06006,2676.53003,-428.105011],"rotationMatrix":[0.999830723,0.0184000004,0,-0.0184000004,0.999830723,0,0,0,1],"scale":0.0270000007,"type":"road_sign_5"}
{"ctxid":0,"pos":[2757.43994,3427.3999,-453.292999],"rotationMatrix":[0.910535514,-0.413440198,0,0.413440198,0.910535514,0,0,0,1],"scale":0.0270000007,"type":"road_sign_5"}
{"ctxid":0,"pos":[2583.79004,3072.3999,-418.872986],"rotationMatrix":[-0.72014153,-0.694066107,0,0.694066107,-0.72014153,0,0,0,1],"scale":0.0270000007,"type":"road_sign_5"}
{"ctxid":0,"pos":[2580.29004,2828.71997,-451.634003],