{"ctxid":0,"pos":[-2298.19995,-3826.51001,-522.284973],"rotationMatrix":[-0.997600794,0.067559436,0,-0.067559436,-0.997600794,0,0,0,1],"scale":0.0270000007,"type":"road_sign_10"}
{"ctxid":0,"pos":[1607.32996,3220.33008,-552.578979],"rotationMatrix":[0.124041438,0.992302954,0,-0.992302954,0.124041438,0,0,0,1],"scale":0.0270000007,"type":"road_sign_10"}
{"ctxid":0,"pos":[1314.5,3294.73999,-552.151001],"rotationMatrix":[-0.218048215,0.975968182,0,-0.975968182,-0.218048215,0,0,0,1],"scale":0.0270000007,"type":"road_sign_10"}
{"ctxid":0,"pos":[3334.44995,1797.83997,-537.460999],"rotationMatrix":[0.918876052,-0.394542605,0,0.394542605,0.918876052,0,0,0,1],"scale":0.0270000007,"type":"road_sign_10"}
{"ctxid":0,"pos":[4315.85986,2060.15991,-421.748993],"rotationMatrix":[0.999262691,-0.038392324,0,0.038392324,0.999262691,0,0,0,1],"scale":0.0270000007,"type":"road_sign_10"}
{"ctxid":0,"pos":[3835.15991,2948.38989,-392.235992],"rotationMatrix":[0.327431917,-0.944889128,0,0.944889128,0.327431917,0,0,0,1],"scale":0.0270000007,"type":"road_sign_10"}
{"ctxid":0,"pos":[4215.97021,1925.68005,-406.453003],"rotationMatrix":[-0.973289847,-0.229650959,0,0.229650959,-0.973289847,0,0,0,1],"scale":0.0270000007,"type":"road_sign_10"}
{"ctxid":0,"pos":[4079.77002,1165.84998,-557.275024],"rotationMatrix":[-0.703119755,0.711109698,0,-0.711109698,-0.703119755,0,0,0,1],"scale":0.0270000007,"type":"road_sign_10"}
{"ctxid":0,"pos":[-2878.62988,-4189.00977,-468.308014],"rotationMatrix":[-0.999599934,-0.0267973188,0,0.0267973188,-0.999599934,0,0,0,1],"scale":0.0270000007,"type":"road_sign_10"}
{"ctxid":0,"pos":[-792.090027,-4152.97021,-516.049011],"rotationMatrix":[-0.999200225,-0.035192959,0,0.035192959,-0.999200225,0,0,0,1],"scale":0.0270000007,"type":"road_sign_10"}
{"ctxid":0,"pos":[-2426.90991,1202,-548.072021],"rotationMatrix":[0.861030102,0.508537114,0,-0.508537114,0.861030102,0,0,0,1],"scale":0.0270000007,"type":"road_sign_10"}
{"ctxid":0,"pos":[-3643.40991,699.72699,-511.612],"rotationMatrix":[-0.416917801,0.908867717,0,-0.908867717,-0.416917801,0,0,0,1],"scale":0.0270000007,"type":"road_sign_10"}
{"ctxid":0,"pos":[-755.512695,840.658203,-532.7276],"rotationMatrix":[-0.54809618,-0.836337924,0,0.836337924,-0.54809618,0,0,0,1],"scale":0.0270000007,"type":"road_sign_10"}
{"ctxid":0,"pos":[-906.619995,842.138,-543.445007],"rotationMatrix":[0.994529426,-0.104453556,0,0.104453556,0.994529426,0,0,0,1],"scale":0.0270000007,"type":"road_sign_10"}
{"ctxid":0,"pos":[1983.30005,-777.809998,-452.432007],"rotationMatrix":[-0.989214659,-0.146204174,0,0.146204174,-0.989214659,0,0,0,1],"scale":0.0270000007,"type":"road_sign_10"}
{"ctxid":0,"pos":[1521.41003,1163.56995,-562.778015],"rotationMatrix":[-0.0463256836,0.999021888,0,-0.999021888,-0.0463256836,0,0,0,1],"scale":0.0270000007,"type":"road_sign_10"}
