{"ctxid":1,"pos":[1976.26025,-6375.68311,-548.358215],"rotationMatrix":[0.983052969,-0.183321133,0,0.183321133,0.983052969,0,0,0,0.999999881],"scale":1,"type":"shrub_c"}
{"ctxid":1,"pos":[1999.36621,-6402.15283,-549.27356],"rotationMatrix":[-0.125095129,0.992144644,0,-0.992144644,-0.125095129,0,0,0,0.999999881],"scale":1,"type":"shrub_c"}
{"ctxid":1,"pos":[2147.21631,-6271.08057,-531.717773],"rotationMatrix":[0.0674047843,0.997725606,0,-0.997725606,0.0674047843,0,0,0,0.999999881],"scale":1,"type":"shrub_c"}
{"ctxid":1,"pos":[2151.44165,-6263.14844,-530.840332],"rotationMatrix":[0.919769406,-0.392458886,0,0.392458886,0.919769406,0,0,0,0.999999881],"scale":1,"type":"shrub_c"}
{"ctxid":1,"pos":[2053.37231,-6205.96338,-535.710815],"rotationMatrix":[0.365996212,-0.9306162,0,0.9306162,0.365996212,0,0,0,0.999999881],"scale":1,"type":"shrub_c"}
{"ctxid":1,"pos":[2093.23901,-6147.75146,-532.381958],"rotationMatrix":[-0.736269057,-0.676688731,0,0.676688731,-0.736269057,0,0,0,0.999999881],"scale":1,"type":"shrub_c"}
{"ctxid":1,"pos":[2285.2417,-5959.05811,-523.468872],"rotationMatrix":[0.431567401,0.902080715,0,-0.902080715,0.431567401,0,0,0,0.999999881],"scale":1,"type":"shrub_c"}
{"ctxid":1,"pos":[2328.26025,-5947.64062,-523.411499],"rotationMatrix":[0.628415048,0.777878165,0,-0.777878165,0.628415048,0,0,0,0.999999881],"scale":1,"type":"shrub_c"}
{"ctxid":1,"pos":[2319.20239,-5950.08887,-523.411194],"rotationMatrix":[-0.878860056,-0.47707969,0,0.47707969,-0.878860056,0,0,0,0.999999881],"scale":1,"type":"shrub_c"}
{"ctxid":1,"pos":[2237.03857,-5980.00586,-525.357056],"rotationMatrix":[0.710034072,-0.704167306,0,0.704167306,0.710034072,0,0,0,0.999999881],"scale":1,"type":"shrub_c"}
{"ctxid":1,"pos":[2229.96655,-5984.32764,-527.75531],"rotationMatrix":[0.0674549565,-0.997722208,0,0.997722208,0.0674549565,0,0,0,0.999999881],"scale":1,"type":"shrub_c"}
{"ctxid":1,"pos":[2383.25903,-5898.06836,-519.5495],"rotationMatrix":[0.990234911,-0.139408171,0,0.139408171,0.990234911,0,0,0,0.999999881],"scale":1,"type":"shrub_c"}
{"ctxid":1,"pos":[2346.77124,-5920.36328,-521.925537],"rotationMatrix":[0.54793185,0.836522996,0,-0.836522996,0.54793185,0,0,0,0.999999881],"scale":1,"type":"shrub_c"}
{"ctxid":1,"pos":[2323.21631,-5897.22949,-518.991028],"rotationMatrix":[-0.35347572,-0.93544358,0,0.93544358,-0.35347572,0,0,0,0.999999881],"scale":1,"type":"shrub_c"}
{"ctxid":1,"pos":[2349.25928,-5846.84082,-513.166504],"rotationMatrix":[-0.9169752,0.39894399,0,-0.39894399,-0.9169752,0,0,0,0.999999881],"scale":1,"type":"shrub_c"}
{"ctxid":1,"pos":[2520.00146,-5994.14014,-557.406677],"rotationMatrix":[-0.815281034,0.579065382,0,-0.579065382,-0.815281034,0,0,0,0.999999881],"scale":1,"type":"shrub_c"}
{"ctxid":1,"pos":[2512.4541,-5989.58691,-556.809509],"rotationMatrix":[0.258543193,-0.965999603,0,0.965999603,0.258543193,0,0,0,0.999999881],"scale":1,"type":"shrub_c"}
{"ctxid":1,"pos":[2618.70874,-5949.24121,-554.843689],"rotationMatrix":[0.670923293,0.741526723,0,-0.741526723,0.670923293,0,0,0,0.999999881],"scale":1,"type":"shrub_c"}
{"ctxid":1,"pos":[2731.15332,-5723.60156,-525.2547],"rotationMatrix":[-0.978619754,0.205677092,0,-0.205677092,-0.978619754,0,0,0,0.999999881],"scale":1,"type":"shrub_c"}
{"ctxid":1,"pos":[2715.93677,-5736.35986,-528.40033],"rotationMatrix":[-0.700728357,-0.71342814,0,0.71342814,-0.700728357,0,0,0,0.999999881],"scale":1,"type":"shrub_c"}
{"ctxid":1,"pos":[2722.93848,-5707.10547,-522.203308],"rotationMatrix":[0.484395981,-0.874848783,0,0.874848783,0.484395981,0,0,0,0.999999881],"scale":1,"type":"shrub_c"}
{"ctxid":1,"pos":[3112.02344,-5719.30176,-551.275391],"rotationMatrix":[0.921010077,0.389538586,0,-0.389538586,0.921010077,0,0,0,0.999999881],"scale":1,"type":"shrub_c"}
{"ctxid":1,"pos":[3099.51685,-5706.36426,-550.143677],"rotationMatrix":[0.482720196,0.875774682,0,-0.875774682,0.482720196,0,0,0,0.999999881],"scale":1,"type":"shrub_c"}
{"ctxid":1,"pos":[3068.14331,-5702.68701,-548.00061],"rotationMatrix":[0.669351339,-0.74294585,0,0.74294585,0.669351339,0,0,0,0.999999881],"scale":1,"type":"shrub_c"}
{"ctxid":1,"pos":[3038.10815,-5699.53271,-546.703857],"rotationMatrix":[-0.236946747,-0.971522629,0,0.971522629,-0.236946747,0,0,0,0.999999881],"scale":1,"type":"shrub_c"}
{"ctxid":1,"pos":[3039.11938,-5709.0957,-547.975403],"rotationMatrix":[-0.935527027,0.353254884,0,-0.353254884,-0.935527027,0,0,0,0.999999881],"scale":1,"type":"shrub_c"}
{"ctxid":1,"pos":[3029.64087,-5702.59619,-546.159424],"rotationMatrix":[0.794892848,-0.606749773,0,0.606749773,0.794892848,0,0,0,0.999999881],"scale":1,"type":"shrub_c"}
{"ctxid":1,"pos":[3212.62207,-5881.31055,-554.379089],"rotationMatrix":[-0.752780914,0.658270836,0,-0.658270836,-0.752780914,0,0,0,0.999999881],"scale":1,"type":"shrub_c"}
{"ctxid":1,"pos":[3898.51147,-5998.11719,-550.5224],"rotationMatrix":[-0.991014063,0.133756846,0,-0.133756846,-0.991014063,0,0,0,0.999999881],"scale":1,"type":"shrub_c"}
{"ctxid":1,"pos":[3899.01685,-5988.90479,-550.508789],"rotationMatrix":[0.415373564,-0.909650743,0,0.909650743,0.415373564,0,0,0,0.999999881],"scale":1,"type":"shrub_c"}
{"ctxid":1,"pos":[3177.93359,-6317.64307,-563.545288],"rotationMatrix":[0.816135466,0.577860594,0,-0.577860594,0.816135466,0,0,0,0.999999881],"scale":1,"type":"shrub_c"}
{"ctxid":1,"pos":[3168.67725,-6307.4209,-563.266113],"rotationMatrix":[0.916983426,0.398925155,0,-0.398925155,0.916983426,0,0,0,0.999999881],"scale":1,"type":"shrub_c"}
{"ctxid":1,"pos":[3159.71313,-6320.78271,-562.704407],"rotationMatrix":[0.908809006,-0.417212307,0,0.417212307,0.908809006,0,0,0,0.999999881],"scale":1,"type":"shrub_c"}
{"ctxid":1,"pos":[3152.39941,-6339.90186,-554.314758],"rotationMatrix":[-0.805788219,-0.592203796,0,0.592203796,-0.805788219,0,0,0,0.999999881],"scale":1,"type":"shrub_c"}
{"ctxid":1,"pos":[3236.47046,-6333.84668,-554.396667],"rotationMatrix":[-0.664060831,-0.747678339,0,0.747678339,-0.664060831,0,0,0,0.999999881],"scale":1,"type":"shrub_c"}
{"ctxid":1,"pos":[3179.8938,-6369.98438,-551.152222],"rotationMatrix":[0.988693416,-0.149950609,0,0.149950609,0.988693416,0,0,0,0.999999881],"scale":1,"type":"shrub_c"}
{"ctxid":1,"pos":[3154.46924,-6362.60303,-551.12207],"rotationMatrix":[0.987729013,0.156176716,0,-0.156176716,0.987729013,0,0,0,0.999999881],"scale":1,"type":"shrub_c"}
{"ctxid":1,"pos":[3166.7915,-6370.34863,-551.097717],"rotationMatrix":[-0.928032339,-0.372499466,0,0.372499466,-0.928032339,0,0,0,0.999999881],"scale":1,"type":"shrub_c"}
{"ctxid":1,"pos":[3115.40527,-6321.54785,-554.608887],"rotationMatrix":[0.55394429,0.832553685,0,-0.832553685,0.55394429,0,0,0,0.999999881],"scale":1,"type":"shrub_c"}
{"ctxid":1,"pos":[3120.00391,-6321.76807,-556.643311],"rotationMatrix":[-0.281389594,-0.959593534,0,0.959593534,-0.281389594,0,0,0,0.999999881],"scale":1,"type":"shrub_c"}
{"ctxid":1,"pos":[3103.7439,-6326.05322,-551.369751],"rotationMatrix":[-0.489214391,-0.872163415,0,0.872163415,-0.489214391,0,0,0,0.999999881],"scale":1,"type":"shrub_c"}
{"ctxid":1,"pos":[3133.87012,-6266.00781,-554.401855],"rotationMatrix":[0.977670372,-0.210143834,0,0.210143834,0.977670372,0,0,0,0.999999881],"scale":1,"type":"shrub_c"}
{"ctxid":1,"pos":[3134.36719,-6300.85547,-559.430176],"rotationMatrix":[0.178478271,-0.98394376,0,0.98394376,0.178478271,0,0,0,0.999999881],"scale":1,"type":"shrub_c"}
{"ctxid":1,"pos":[3165.42065,-6346.89893,-552.569275],"rotationMatrix":[0.8101601,0.586208642,0,-0.586208642,0.8101601,0,0,0,0.999999881],"scale":1,"type":"shrub_c"}
{"ctxid":1,"pos":[3148.8125,-6353.76904,-551.206543],"rotationMatrix":[-0.0154430121,0.999880672,0,-0.999880672,-0.0154430121,0,0,0,0.999999881],"scale":1,"type":"shrub_c"}
{"ctxid":1,"pos":[3129.98999,-6358.28125,-551.132812],"rotationMatrix":[-0.985142648,0.171738058,0,-0.171738058,-0.985142648,0,0,0,0.999999881],"scale":1,"type":"shrub_c"}
{"ctxid":1,"pos":[3143.80786,-6352.72217,-551.220337],"rotationMatrix":[-0.508960962,-0.860789478,0,0.860789478,-0.508960962,0,0,0,0.999999881],"scale":1,"type":"shrub_c"}
{"ctxid":1,