{"ctxid":1,"pos":[1993.47754,-6404.38867,-549.492798],"rotationMatrix":[-0.992959976,0.118449263,0,-0.118449263,-0.992959976,0,0,0,0.999999881],"scale":1,"type":"shrub_b"}
{"ctxid":1,"pos":[1995.24512,-6362.19482,-546.935303],"rotationMatrix":[-0.0740498975,-0.997254431,0,0.997254431,-0.0740498975,0,0,0,0.999999881],"scale":1,"type":"shrub_b"}
{"ctxid":1,"pos":[2056.21753,-6376.96289,-545.964111],"rotationMatrix":[-0.999954879,0.00948614255,0,-0.00948614255,-0.999954879,0,0,0,0.999999881],"scale":1,"type":"shrub_b"}
{"ctxid":1,"pos":[2096.05786,-6355.26611,-542.643311],"rotationMatrix":[0.92682308,0.375498176,0,-0.375498176,0.92682308,0,0,0,0.999999881],"scale":1,"type":"shrub_b"}
{"ctxid":1,"pos":[2076.47339,-6365.51855,-544.36499],"rotationMatrix":[0.53940624,0.842045665,0,-0.842045665,0.53940624,0,0,0,0.999999881],"scale":1,"type":"shrub_b"}
{"ctxid":1,"pos":[2116.48901,-6304.24561,-536.846436],"rotationMatrix":[0.118823148,0.992915332,0,-0.992915332,0.118823148,0,0,0,0.999999881],"scale":1,"type":"shrub_b"}
{"ctxid":1,"pos":[2146.42358,-6261.06689,-531.130005],"rotationMatrix":[0.454266518,0.890865862,0,-0.890865862,0.454266518,0,0,0,0.999999881],"scale":1,"type":"shrub_b"}
{"ctxid":1,"pos":[2136.70459,-6269.67578,-532.612976],"rotationMatrix":[-0.105206758,0.994450271,0,-0.994450271,-0.105206758,0,0,0,0.999999881],"scale":1,"type":"shrub_b"}
{"ctxid":1,"pos":[2048.00122,-6189.33691,-535.334961],"rotationMatrix":[-0.712096751,-0.702081144,0,0.702081144,-0.712096751,0,0,0,0.999999881],"scale":1,"type":"shrub_b"}
{"ctxid":1,"pos":[2046.79065,-6211.68506,-536.323853],"rotationMatrix":[-0.995466828,0.0951088592,0,-0.0951088592,-0.995466828,0,0,0,0.999999881],"scale":1,"type":"shrub_b"}
{"ctxid":1,"pos":[2050.24536,-6196.60645,-535.500732],"rotationMatrix":[0.536477149,0.843914866,0,-0.843914866,0.536477149,0,0,0,0.999999881],"scale":1,"type":"shrub_b"}
{"ctxid":1,"pos":[2067.7771,-6155.0249,-533.569275],"rotationMatrix":[0.979971528,0.199137196,0,-0.199137196,0.979971528,0,0,0,0.999999881],"scale":1,"type":"shrub_b"}
{"ctxid":1,"pos":[2272.80078,-5960.97412,-523.314331],"rotationMatrix":[0.79288584,-0.609370172,0,0.609370172,0.79288584,0,0,0,0.999999881],"scale":1,"type":"shrub_b"}
{"ctxid":1,"pos":[2351.06519,-5907.16211,-521.605896],"rotationMatrix":[0.920018792,0.391874164,0,-0.391874164,0.920018792,0,0,0,0.999999881],"scale":1,"type":"shrub_b"}
{"ctxid":1,"pos":[2233.61035,-5980.60156,-525.403564],"rotationMatrix":[-0.386022389,-0.922489345,0,0.922489345,-0.386022389,0,0,0,0.999999881],"scale":1,"type":"shrub_b"}
{"ctxid":1,"pos":[2393.78003,-5887.59717,-519.485291],"rotationMatrix":[0.0395678021,0.999216795,0,-0.999216795,0.0395678021,0,0,0,0.999999881],"scale":1,"type":"shrub_b"}
{"ctxid":1,"pos":[2355.93066,-5914.78076,-522.154114],"rotationMatrix":[0.232034653,-0.97270745,0,0.97270745,0.232034653,0,0,0,0.999999881],"scale":1,"type":"shrub_b"}
{"ctxid":1,"pos":[2359.65625,-5898.33936,-521.63623],"rotationMatrix":[0.974908531,-0.222605616,0,0.222605616,0.974908531,0,0,0,0.999999881],"scale":1,"type":"shrub_b"}
{"ctxid":1,"pos":[2355.72998,-5897.6665,-522.395386],"rotationMatrix":[-0.969979465,0.243186519,0,-0.243186519,-0.969979465,0,0,0,0.999999881],"scale":1,"type":"shrub_b"}
{"ctxid":1,"pos":[2327.97192,-5935.63916,-522.664734],"rotationMatrix":[-0.804406583,-0.594078958,0,0.594078958,-0.804406583,0,0,0,0.999999881],"scale":1,"type":"shrub_b"}
{"ctxid":1,"pos":[2332.90332,-5898.57178,-518.70105],"rotationMatrix":[-0.579664469,0.814855039,0,-0.814855039,-0.579664469,0,0,0,0.999999881],"scale":1,"type":"shrub_b"}
{"ctxid":1,"pos":[2324.77686,-5876.86084,-514.737915],"rotationMatrix":[0.97532028,-0.220794484,0,0.220794484,0.97532028,0,0,0,0.999999881],"scale":1,"type":"shrub_b"}
{"ctxid":1,"pos":[2606.97461,-6011.90283,-552.502441],"rotationMatrix":[0.665931284,-0.746012926,0,0.746012926,0.665931284,0,0,0,0.999999881],"scale":1,"type":"shrub_b"}
{"ctxid":1,"pos":[2586.60742,-6023.53955,-553.860962],"rotationMatrix":[0.604072213,-0.796929419,0,0.796929419,0.604072213,0,0,0,0.999999881],"scale":1,"type":"shrub_b"}
{"ctxid":1,"pos":[2584.72607,-6018.32617,-555.995239],"rotationMatrix":[-0.997319877,-0.0731633082,0,0.0731633082,-0.997319877,0,0,0,0.999999881],"scale":1,"type":"shrub_b"}
{"ctxid":1,"pos":[2529.13403,-6002.03955,-557.669434],"rotationMatrix":[0.13251327,-0.991181135,0,0.991181135,0.13251327,0,0,0,0.999999881],"scale":1,"type":"shrub_b"}
{"ctxid":1,"pos":[2601.24194,-5946.39697,-554.002136],"rotationMatrix":[0.0444734506,0.999010444,0,-0.999010444,0.0444734506,0,0,0,0.999999881],"scale":1,"type":"shrub_b"}
{"ctxid":1,"pos":[2594.55762,-5946.00684,-553.794312],"rotationMatrix":[-0.0652529374,0.997868657,0,-0.997868657,-0.0652529374,0,0,0,0.999999881],"scale":1,"type":"shrub_b"}
{"ctxid":1,"pos":[3076.19141,-5707.38477,-548.179199],"rotationMatrix":[-0.677880764,0.735171616,0,-0.735171616,-0.677880764,0,0,0,0.999999881],"scale":1,"type":"shrub_b"}
{"ctxid":1,"pos":[3078.83374,-5667.20264,-550.389893],"rotationMatrix":[0.799717009,0.600377142,0,-0.600377142,0.799717009,0,0,0,0.999999881],"scale":1,"type":"shrub_b"}
{"ctxid":1,"pos":[3074.85132,-5667.76855,-550.012634],"rotationMatrix":[0.750763416,0.660571158,0,-0.660571158,0.750763416,0,0,0,0.999999881],"scale":1,"type":"shrub_b"}
{"ctxid":1,"pos":[3031.09961,-5697.19238,-545.82782],"rotationMatrix":[-0.503582299,0.863947093,0,-0.863947093,-0.503582299,0,0,0,0.999999881],"scale":1,"type":"shrub_b"}
{"ctxid":1,"pos":[3205.85913,-5869.92627,-554.438293],"rotationMatrix":[-0.539419174,-0.84203732,0,0.84203732,-0.539419174,0,0,0,0.999999881],"scale":1,"type":"shrub_b"}
{"ctxid":1,"pos":[3851.28442,-6164.31885,-554.398132],"rotationMatrix":[0.999212861,0.0396656021,0,-0.0396656021,0.999212861,0,0,0,0.999999881],"scale":1,"type":"shrub_b"}
{"ctxid":1,"pos":[3873.48828,-6152.11572,-549.39563],"rotationMatrix":[-0.441946387,-0.89704144,0,0.89704144,-0.441946387,0,0,0,0.999999881],"scale":1,"type":"shrub_b"}
{"ctxid":1,"pos":[4144.64355,-6099.55811,-550.50531],"rotationMatrix":[0.714160502,-0.699981809,0,0.699981809,0.714160502,0,0,0,0.999999881],"scale":1,"type":"shrub_b"}
{"ctxid":1,"pos":[3997.823,-5920.48682,-548.984253],"rotationMatrix":[-0.0964810327,0.995334685,0,-0.995334685,-0.0964810327,0,0,0,0.999999881],"scale":1,"type":"shrub_b"}
{"ctxid":1,"pos":[3989.04346,-5935.89307,-549.462952],"rotationMatrix":[0.847877979,0.530191302,0,-0.530191302,0.847877979,0,0,0,0.999999881],"scale":1,"type":"shrub_b"}
{"ctxid":1,"pos":[3912.66772,-5893.96191,-547.699951],"rotationMatrix":[0.481748551,-0.876309335,0,0.876309335,0.481748551,0,0,0,0.999999881],"scale":1,"type":"shrub_b"}
{"ctxid":1,"pos":[3932.5022,-5928.37256,-549.408936],"rotationMatrix":[-0.265215039,-0.964189231,0,0.964189231,-0.265215039,0,0,0,0.999999881],"scale":1,"type":"shrub_b"}
{"ctxid":1,"pos":[3917.83911,-5985.1582,-550.189453],"rotationMatrix":[0.973289192,-0.229582146,0,0.229582146,0.973289192,0,0,0,0.999999881],"scale":1,"type":"shrub_b"}
{"ctxid":1,"pos":[3175.95044,-6302.16309,-563.244934],"rotationMatrix":[0.557647526,0.830077827,0,-0.830077827,0.557647526,0,0,0,0.999999881],"scale":1,"type":"shrub_b"}
{"ctxid":1,"pos":[3202.63013,-6277.97412,-554.37915],"rotationMatrix":[-0.633244991,0.773951173,0,-0.773951173,-0.633244991,0,0,0,0.999999881],"scale":1,"type":"shrub_b"}
{"ctxid":1,"pos":[3227.61499,-6361.53564,-554.396667],"rotationMatrix":[0.575884581,0.81753099,0,-0.81753099,0.575884581,0,0,0,0.999999881],"scale":1,"type":"shrub_b"}
{"ctxid":1,"pos":[3157.90967,-6374.07227,-551.097717],"rotationMatrix":[-0.990488291,0.137596264,0,-0.137596264,-0.990488291,0,0,0,0.999999881],"scale":1,"type":"shrub_b"}
{"ctxid":1,"pos":[3107.94727,-6330.55225,-551.325806],"rotationMatrix":[-0.67689544,-0.736079037,0,0.736079037,-0.67689544,0,0,0,0.999999881],"scale":1,"type":"shrub_b"}
{"ctxid":1,"pos":[3097.61499,-6304.54248,-557.676697],"rotationMatrix":[0.917962134,-0.396667719,0,0.396667719,0.917962134,0,0,0,0.999999881],"scale":1,