{"ctxid":0,"pos":[2660.45044,-2270.94653,-470.726837],"rotationMatrix":[-0.825797319,0.483455271,-0.290395379,-0.456077695,-0.875368953,-0.160381705,-0.331740558,3.02044292e-08,0.943370342],"scale":0.0399999991,"type":"speed_limit_70"}
