{"ctxid":0,"pos":[-2290.73999,-3876.62988,-521.880005],"rotationMatrix":[-0.0567672253,-0.99846983,0,0.99846983,-0.0567672253,0,0,0,1],"scale":1.10000002,"type":"speed_limit_35"}
{"ctxid":0,"pos":[1590.75,3212.62988,-553.010986],"rotationMatrix":[-0.0167380571,-0.999768615,0,0.999768615,-0.0167380571,0,0,0,1],"scale":1,"type":"speed_limit_35"}
{"ctxid":0,"pos":[1447.91003,3272.57007,-551.922974],"rotationMatrix":[0.635854244,0.771814942,0,-0.771814942,0.635854244,0,0,0,1],"scale":1.15320003,"type":"speed_limit_35"}
{"ctxid":0,"pos":[1470.59998,3262.23999,-552.106995],"rotationMatrix":[-0.136127472,-0.99066329,0,0.99066329,-0.136127472,0,0,0,1],"scale":1.10000002,"type":"speed_limit_35"}
{"ctxid":0,"pos":[1574.35999,2283.53003,-544.61499],"rotationMatrix":[0.0065138936,0.999970257,0,-0.999970257,0.0065138936,0,0,0,1],"scale":1,"type":"speed_limit_35"}
{"ctxid":0,"pos":[1244.10999,2209.56006,-553.39801],"rotationMatrix":[0.118739128,0.992912054,0,-0.992912054,0.118739128,0,0,0,1],"scale":1,"type":"speed_limit_35"}
{"ctxid":0,"pos":[3916.82007,1763.70996,-422.838013],"rotationMatrix":[0.989746869,-0.142827675,0,0.142827675,0.989746869,0,0,0,1],"scale":1,"type":"speed_limit_35"}
{"ctxid":0,"pos":[3883.42993,1781.05005,-425.312988],"rotationMatrix":[0.960463285,-0.278416127,0,0.278416127,0.960463285,0,0,0,1],"scale":1,"type":"speed_limit_35"}
{"ctxid":0,"pos":[3694.94995,1760.41003,-543.59198],"rotationMatrix":[-0.0204489231,-0.999734282,0,0.999734282,-0.0204489231,0,0,0,1],"scale":1,"type":"speed_limit_35"}
{"ctxid":0,"pos":[3686.92993,1777.77002,-545.210022],"rotationMatrix":[0.998969436,0.0453863814,0,-0.0453863814,0.998969436,0,0,0,1],"scale":1,"type":"speed_limit_35"}
{"ctxid":0,"pos":[3681.33008,1646.81006,-532.955994],"rotationMatrix":[0.982139528,-0.188149497,0,0.188149497,0.982139528,0,0,0,1],"scale":1,"type":"speed_limit_35"}
{"ctxid":0,"pos":[3321.45996,1771.06995,-534.890015],"rotationMatrix":[0.935631275,-0.352987438,0,0.352987438,0.935631275,0,0,0,1],"scale":1,"type":"speed_limit_35"}
{"ctxid":0,"pos":[3240.44995,1969.79004,-529.320984],"rotationMatrix":[-0.859363317,-0.511604548,0,0.511604548,-0.859363317,0,0,0,1],"scale":1,"type":"speed_limit_35"}
{"ctxid":0,"pos":[2940.37012,806.513977,-542.255005],"rotationMatrix":[-0.769456625,0.638667405,0,-0.638667405,-0.769456625,0,0,0,1],"scale":1,"type":"speed_limit_35"}
{"ctxid":0,"pos":[2078.28003,978.892029,-562.083008],"rotationMatrix":[-0.461024284,-0.887349606,0,0.887349606,-0.461024284,0,0,0,1],"scale":1,"type":"speed_limit_35"}
{"ctxid":0,"pos":[5081.49023,2207.19995,-178.326004],"rotationMatrix":[-0.943997502,-0.329684943,0,0.329684943,-0.943997502,0,0,0,1],"scale":1,"type":"speed_limit_35"}
{"ctxid":0,"pos":[-783.531006,-36.7659988,-532.804016],"rotationMatrix":[0.814681292,-0.579881966,0,0.579881966,0.814681292,0,0,0,1],"scale":1.10000002,"type":"speed_limit_35"}
{"ctxid":0,"pos":[-814.086975,-62.4620018,-536.008972],"rotationMatrix":[-0.784538269,0.62003547,0,-0.62003547,-0.784538269,0,0,0,1],"scale":1.10000002,"type":"speed_limit_35"}
{"ctxid":0,"pos":[3862.67993,2960.1499,-394.437988],"rotationMatrix":[-0.316090941,0.948779583,0,-0.948779583,-0.316090941,0,0,0,1],"scale":1,"type":"speed_limit_35"}
{"ctxid":0,"pos":[3663.43994,2404.56006,-421.785004],"rotationMatrix":[0.637729287,0.770250857,0,-0.770250857,0.637729287,0,0,0,1],"scale":1,"type":"speed_limit_35"}
{"ctxid":0,"pos":[4826.14014,1973.27002,-336.714996],"rotationMatrix":[0.4133389,0.910537899,0,-0.910537899,0.4133389,0,0,0,1],"scale":1,"type":"speed_limit_35"}
{"ctxid":0,"pos":[4039.36011,1130.96997,-558.905029],"rotationMatrix":[0.606792927,-0.794838846,0,0.794838846,0.606792927,0,0,0,1],"scale":1,"type":"speed_limit_35"}
{"ctxid":0,"pos":[-2718.27002,-4150.00977,-466.700012],"rotationMatrix":[0.985651791,-0.168790162,0,0.168790162,0.985651791,0,0,0,1],"scale":1.10000002,"type":"speed_limit_35"}
{"ctxid":0,"pos":[-2789.98999,-4215.77002,-464.812988],"rotationMatrix":[0.359967053,0.932952404,0,-0.932952404,0.359967053,0,0,0,1],"scale":1.10000002,"type":"speed_limit_35"}
{"ctxid":0,"pos":[-2793.12012,-5541.27002,-512.927979],"rotationMatrix":[0.0500067472,0.998788655,0,-0.998788655,0.0500067472,0,0,0,1],"scale":1.10000002,"type":"speed_limit_35"}
{"ctxid":0,"pos":[-3313.69995,-4966.95996,-517.072021],"rotationMatrix":[0.992212474,0.124562874,0,-0.124562874,0.992212474,0,0,0,1],"scale":1.10000002,"type":"speed_limit_35"}
{"ctxid":0,"pos":[-3320.27002,-4984.2998,-517.090027],"rotationMatrix":[-0.949522495,-0.313961387,0,0.313961387,-0.949522495,0,0,0,1],"scale":1.10000002,"type":"speed_limit_35"}
{"ctxid":0,"pos":[-769.533997,-4181.27979,-514.392029],"rotationMatrix":[0.994633496,0.103465326,0,-0.103465326,0.994633496,0,0,0,1],"scale":1.10000002,"type":"speed_limit_35"}
{"ctxid":0,"pos":[-2444.38989,1243.63,-546.405029],"rotationMatrix":[0.46934396,-0.882984459,0,0.882984459,0.46934396,0,0,0,1],"scale":1.10000002,"type":"speed_limit_35"}
{"ctxid":0,"pos":[1328.10999,-2438.86011,-528.244019],"rotationMatrix":[0.723826885,-0.689986885,0,0.689986885,0.723826885,0,0,0,1],"scale":1,"type":"speed_limit_35"}
{"ctxid":0,"pos":[1419.04004,-2556.26001,-518.541016],"rotationMatrix":[0.766482234,0.6422593,0,-0.6422593,0.766482234,0,0,0,1],"scale":1,"type":"speed_limit_35"}
{"ctxid":0,"pos":[870.981995,-2376.88989,-513.166992],"rotationMatrix":[-0.331712008,0.943296015,0,-0.943296015,-0.331712008,0,0,0,1],"scale":1.10000002,"type":"speed_limit_35"}
{"ctxid":0,"pos":[696.679016,-2598.15991,-516.299011],"rotationMatrix":[0.839821994,-0.542850614,0,0.542850614,0.839821994,0,0,0,1],"scale":1.10000002,"type":"speed_limit_35"}
{"ctxid":0,"pos":[506.757996,-3237.03003,-513.656982],"rotationMatrix":[-0.999200225,-0.04239152,0,0.04239152,-0.999200225,0,0,0,1],"scale":1.83850002,"type":"speed_limit_35"}
{"ctxid":0,"pos":[632.762024,-3351.19995,-503.037994],"rotationMatrix":[-0.721996903,0.692027867,0,-0.692027867,-0.721996903,0,0,0,1],"scale":1.10000002,"type":"speed_limit_35"}
{"ctxid":0,"pos":[5516.04004,-992.737976,-545.89502],"rotationMatrix":[-0.687651992,-0.726061463,0,0.726061463,-0.687651992,0,0,0,1],"scale":1,"type":"speed_limit_35"}
{"ctxid":0,"pos":[5631.95996,-1119.29004,-556.810974],"rotationMatrix":[0.875199914,0.483762652,0,-0.483762652,0.875199914,0,0,0,1],"scale":1,"type":"speed_limit_35"}
{"ctxid":0,"pos":[-152.503998,1018.65997,-558.783997],"rotationMatrix":[-0.506847858,0.862097561,0,-0.862097561,-0.506847858,0,0,0,1],"scale":1,"type":"speed_limit_35"}
{"ctxid":0,"pos":[-598.491028,760.22699,-531.703979],"rotationMatrix":[0.699532509,-0.714579403,0,0.714579403,0.699532509,0,0,0,1],"scale":1,"type":"speed_limit_35"}
{"ctxid":0,"pos":[-622.594971,742.468018,-529.11499],"rotationMatrix":[-0.923545003,0.383453697,0,-0.383453697,-0.923545003,0,0,0,1],"scale":1,"type":"speed_limit_35"}
{"ctxid":0,"pos":[-623.55603,31.7206993,-541.838989],"rotationMatrix":[0.978451133,-0.206478953,0,0.206478953,0.978451133,0,0,0,1],"scale":1,"type":"speed_limit_35"}
{"ctxid":0,"pos":[-1009.95001,122.693001,-546.486023],"rotationMatrix":[-0.634431958,0.772920012,0,-0.772920012,-0.634431958,0,0,0,1],"scale":1.10000002,"type":"speed_limit_35"}
{"ctxid":0,"pos":[1559.55005,-586.348022,-554.817993],"rotationMatrix":[-0.91101253,-0.412114024,0,0.412114024,-0.91101253,0,0,0,1],"scale":1,"type":"speed_limit_35"}
{"ctxid":0,"pos":[1568.30005,1162.95996,-562.320984],"rotationMatrix":[0.16252327,0.986697972,0,-0.986697972,0.16252327,0,0,0,1],"scale":1,"type":"speed_limit_35"}
{"ctxid":0,"pos":[1511.93994,1028.51001,-561.448975],"rotationMatrix":[0.995198011,-0.0978823975,0,0.0978823975,0.995198011,0,0,0,1],"scale":1,"type":"speed_limit_35"}
{"ctxid":0,"pos":[1037.34998,1904.53003,-559.784973],"rotationMatrix":[0.607324779,-0.794478297,0,0.794478297,0.607324779,0,0,0,1],"scale":1,"type":"speed_limit_35"}
{"ctxid":0,"pos":[1485.02002,1144.95996,-562.702026],"rotationMatrix":[-0.982438684,-0.186774552,0,0.186774552,-0.982438684,0,0,0,1],"scale":1,