{"ctxid":0,"pos":[-3185.1499,-3676.68994,-504.154999],"rotationMatrix":[-0.877146959,0.479943544,0,-0.479943544,-0.877146959,0,0,0,1],"scale":1.10000002,"type":"speed_limit_25"}
{"ctxid":0,"pos":[-3123.12012,-3775.12012,-498.123993],"rotationMatrix":[0.890675128,0.454647452,0,-0.454647452,0.890675128,0,0,0,1],"scale":1.10000002,"type":"speed_limit_25"}
{"ctxid":0,"pos":[1607.38,3220.84009,-551.310974],"rotationMatrix":[0.145875454,0.989268363,0,-0.989268363,0.145875454,0,0,0,1],"scale":1.10000002,"type":"speed_limit_25"}
{"ctxid":0,"pos":[1105.93994,2090.07007,-553.617004],"rotationMatrix":[-0.96138823,0.274709195,0,-0.274709195,-0.96138823,0,0,0,1],"scale":1.10000002,"type":"speed_limit_25"}
{"ctxid":0,"pos":[3914.37012,1794.43994,-422.080994],"rotationMatrix":[-0.989214659,0.147201478,0,-0.147201478,-0.989214659,0,0,0,1],"scale":1.10000002,"type":"speed_limit_25"}
{"ctxid":0,"pos":[3872.30005,1773.43994,-424.84201],"rotationMatrix":[-0.999599934,0.0245975386,0,-0.0245975386,-0.999599934,0,0,0,1],"scale":1.10000002,"type":"speed_limit_25"}
{"ctxid":0,"pos":[2058.90991,-408.343994,-517.244995],"rotationMatrix":[0.550458431,-0.834890127,0,0.834890127,0.550458431,0,0,0,1],"scale":1.10000002,"type":"speed_limit_25"}
{"ctxid":0,"pos":[4873.6001,2741.87012,-233.248993],"rotationMatrix":[0.995786369,-0.0916990191,0,0.0916990191,0.995786369,0,0,0,1],"scale":1.10000002,"type":"speed_limit_25"}
{"ctxid":0,"pos":[4649.52979,2871.76001,-328.044006],"rotationMatrix":[0.725459516,0.688240767,0,-0.688240767,0.725459516,0,0,0,1],"scale":1,"type":"speed_limit_25"}
{"ctxid":0,"pos":[3886.51001,2962.34009,-393.105988],"rotationMatrix":[0.216248035,-0.976309597,0,0.976309597,0.216248035,0,0,0,1],"scale":1,"type":"speed_limit_25"}
{"ctxid":0,"pos":[3868.88989,2945.21997,-394.34201],"rotationMatrix":[-0.925899386,-0.377996743,0,0.377996743,-0.925899386,0,0,0,1],"scale":1,"type":"speed_limit_25"}
{"ctxid":0,"pos":[3568.63989,2801.63989,-394.596985],"rotationMatrix":[-0.126800656,-0.991992891,0,0.991992891,-0.126800656,0,0,0,1],"scale":1.10000002,"type":"speed_limit_25"}
{"ctxid":0,"pos":[3708.87012,2363.63989,-422.459015],"rotationMatrix":[-0.51623702,-0.856420517,0,0.856420517,-0.51623702,0,0,0,1],"scale":1,"type":"speed_limit_25"}
{"ctxid":0,"pos":[3495.43994,2689.27002,-417.997009],"rotationMatrix":[0.997674406,-0.068159081,0,0.068159081,0.997674406,0,0,0,1],"scale":1,"type":"speed_limit_25"}
{"ctxid":0,"pos":[3384.09009,2644.62012,-434.291992],"rotationMatrix":[0.989689529,0.143226638,0,-0.143226638,0.989689529,0,0,0,1],"scale":1.10000002,"type":"speed_limit_25"}
{"ctxid":0,"pos":[4888.50977,1952.5,-326.794006],"rotationMatrix":[-0.958220482,0.285569698,0,-0.285569698,-0.958220482,0,0,0,1],"scale":1.10000002,"type":"speed_limit_25"}
{"ctxid":0,"pos":[4832.9502,1959.27002,-335.006012],"rotationMatrix":[-0.390778303,-0.920458853,0,0.920458853,-0.390778303,0,0,0,1],"scale":1.10000002,"type":"speed_limit_25"}
{"ctxid":0,"pos":[-2727.62012,-4164.08984,-465.505005],"rotationMatrix":[-0.988416791,-0.152955145,0,0.152955145,-0.988416791,0,0,0,1],"scale":1.10000002,"type":"speed_limit_25"}
{"ctxid":0,"pos":[-2790.22998,-4225.43994,-464.596008],"rotationMatrix":[-0.478855968,-0.877785921,0,0.877785921,-0.478855968,0,0,0,1],"scale":1.10000002,"type":"speed_limit_25"}
{"ctxid":0,"pos":[-3513.56006,758.200989,-515.315002],"rotationMatrix":[-0.396788955,0.917932868,0,-0.917932868,-0.396788955,0,0,0,1],"scale":1.10000002,"type":"speed_limit_25"}
{"ctxid":0,"pos":[-3665.11011,678.700012,-512.396973],"rotationMatrix":[0.321620405,-0.946865976,0,0.946865976,0.321620405,0,0,0,1],"scale":1.10000002,"type":"speed_limit_25"}
{"ctxid":0,"pos":[-521.197021,29.1392002,-550.25],"rotationMatrix":[-0.0605505705,0.998216569,0,-0.998216569,-0.0605505705,0,0,0,1],"scale":1.10000002,"type":"speed_limit_25"}
{"ctxid":0,"pos":[1994.30005,-789.932007,-453.548004],"rotationMatrix":[0.999787807,-0.0205979403,0,0.0205979403,0.999787807,0,0,0,1],"scale":1.10000002,"type":"speed_limit_25"}
{"ctxid":0,"pos":[1076.22998,1986.18994,-555.528015],"rotationMatrix":[0.972104788,-0.234546602,0,0.234546602,0.972104788,0,0,0,1],"scale":1.10000002,"type":"speed_limit_25"}
{"ctxid":0,"pos":[5110.41016,3237.61133,316.051239],"rotationMatrix":[-0.912927985,0.408119678,0,-0.408119678,-0.912927985,0,0,0,1],"scale":1,"type":"speed_limit_25"}
