{"ctxid":0,"pos":[1553.69995,3190.09009,-553.16803],"rotationMatrix":[-0.542119145,-0.840166032,0,0.840166032,-0.542119145,0,0,0,1],"scale":1.10000002,"type":"speed_limit_55"}
{"ctxid":0,"pos":[1542.09998,3208.8501,-553.067017],"rotationMatrix":[0.378387511,0.925673008,0,-0.925673008,0.378387511,0,0,0,1],"scale":1.10000002,"type":"speed_limit_55"}
{"ctxid":0,"pos":[1456.47998,3253.78003,-552.098022],"rotationMatrix":[-0.648564696,-0.761364877,0,0.761364877,-0.648564696,0,0,0,1],"scale":1.10000002,"type":"speed_limit_55"}
{"ctxid":0,"pos":[1262.98999,3285.38989,-550.609009],"rotationMatrix":[0.0607278347,-0.998207927,0,0.998207927,0.0607278347,0,0,0,1],"scale":1.10000002,"type":"speed_limit_55"}
{"ctxid":0,"pos":[1662.68994,2447.84009,-546.643982],"rotationMatrix":[-1,-0.0194000006,0,0.0194000006,-1,0,0,0,1],"scale":1.10000002,"type":"speed_limit_55"}
{"ctxid":0,"pos":[1671.07996,2474.45996,-547.513977],"rotationMatrix":[0.998637557,0.0521843396,0,-0.0521843396,0.998637557,0,0,0,1],"scale":1.10000002,"type":"speed_limit_55"}
{"ctxid":0,"pos":[1658.62,2264.67993,-546.23999],"rotationMatrix":[-0.960991979,0.275869727,0,-0.275869727,-0.960991979,0,0,0,1],"scale":1.10000002,"type":"speed_limit_55"}
{"ctxid":0,"pos":[1669.55005,2286.61011,-546.447998],"rotationMatrix":[0.999998391,0.00179999997,0,-0.00179999997,0.999998391,0,0,0,1],"scale":1.10000002,"type":"speed_limit_55"}
{"ctxid":0,"pos":[1073.29004,2007.66003,-554.242981],"rotationMatrix":[-0.987619281,0.156114548,0,-0.156114548,-0.987619281,0,0,0,1],"scale":1.10000002,"type":"speed_limit_55"}
{"ctxid":0,"pos":[1113.14001,2080.36011,-553.294983],"rotationMatrix":[0.951390386,-0.307996035,0,0.307996035,0.951390386,0,0,0,1],"scale":1.10000002,"type":"speed_limit_55"}
{"ctxid":0,"pos":[3677.63989,1750.89001,-542.653015],"rotationMatrix":[-0.985625863,-0.168192312,0,0.168192312,-0.985625863,0,0,0,1],"scale":1.10000002,"type":"speed_limit_55"}
{"ctxid":0,"pos":[3345.54004,1857.88,-539.333984],"rotationMatrix":[0.447068751,0.894490957,0,-0.894490957,0.447068751,0,0,0,1],"scale":1.10000002,"type":"speed_limit_55"}
{"ctxid":0,"pos":[3341.57007,1836.98999,-540.041016],"rotationMatrix":[-0.599187374,0.80066669,0,-0.80066669,-0.599187374,0,0,0,1],"scale":1.10000002,"type":"speed_limit_55"}
{"ctxid":0,"pos":[3280.95996,1116.95996,-558.255005],"rotationMatrix":[0.890206993,0.455572903,0,-0.455572903,0.890206993,0,0,0,1],"scale":1.10000002,"type":"speed_limit_55"}
{"ctxid":0,"pos":[2068.32007,994.16803,-561.85498],"rotationMatrix":[0.295278132,0.955458462,0,-0.955458462,0.295278132,0,0,0,1],"scale":1.10000002,"type":"speed_limit_55"}
{"ctxid":0,"pos":[5894.2998,-2592.01001,-550.763977],"rotationMatrix":[-0.890345573,0.454989582,0,-0.454989582,-0.890345573,0,0,0,1],"scale":1.10000002,"type":"speed_limit_55"}
{"ctxid":0,"pos":[5912.22021,-2580.53003,-551.241028],"rotationMatrix":[0.926961601,-0.375167519,0,0.375167519,0.926961601,0,0,0,1],"scale":1.10000002,"type":"speed_limit_55"}
{"ctxid":0,"pos":[5103.20996,-3274.80005,-556.049011],"rotationMatrix":[0.128799915,0.991716027,0,-0.991716027,0.128799915,0,0,0,1],"scale":1.10000002,"type":"speed_limit_55"}
{"ctxid":0,"pos":[5119.87012,-3286.20996,-556.523987],"rotationMatrix":[0.140377223,-0.990087152,0,0.990087152,0.140377223,0,0,0,1],"scale":1.10000002,"type":"speed_limit_55"}
{"ctxid":0,"pos":[4228.85986,-3176.03003,-556.450012],"rotationMatrix":[0.337599456,-0.941287816,0,0.941287816,0.337599456,0,0,0,1],"scale":1.10000002,"type":"speed_limit_55"}
{"ctxid":0,"pos":[4206.58008,-3165.30005,-556.218994],"rotationMatrix":[-0.0766313076,0.997098267,0,-0.997098267,-0.0766313076,0,0,0,1],"scale":1.10000002,"type":"speed_limit_55"}
{"ctxid":0,"pos":[-916.392029,-125.181999,-545.820007],"rotationMatrix":[0.0447615981,-0.99891597,0,0.99891597,0.0447615981,0,0,0,1],"scale":1.10000002,"type":"speed_limit_55"}
{"ctxid":0,"pos":[4024.54004,1146.18994,-558.984985],"rotationMatrix":[0.878080785,0.4784922,0,-0.4784922,0.878080785,0,0,0,1],"scale":1.10000002,"type":"speed_limit_55"}
{"ctxid":0,"pos":[4034.77002,1112.60999,-558.906006],"rotationMatrix":[-0.81070447,-0.585362792,0,0.585362792,-0.81070447,0,0,0,1],"scale":1.10000002,"type":"speed_limit_55"}
{"ctxid":0,"pos":[-2359,-5256.2002,-507.364014],"rotationMatrix":[-0.558671594,0.829302311,0,-0.829302311,-0.558671594,0,0,0,1],"scale":1.5,"type":"speed_limit_55"}
{"ctxid":0,"pos":[-2776.84009,-5550.12012,-513.008972],"rotationMatrix":[0.0962942839,-0.995393813,0,0.995393813,0.0962942839,0,0,0,1],"scale":1.10000002,"type":"speed_limit_55"}
{"ctxid":0,"pos":[-3500.06006,753.077026,-516.642029],"rotationMatrix":[0.181311905,-0.98350054,0,0.98350054,0.181311905,0,0,0,1],"scale":1.10000002,"type":"speed_limit_55"}
{"ctxid":0,"pos":[1317.12,-2428.3999,-528.658997],"rotationMatrix":[0.779817522,0.62597394,0,-0.62597394,0.779817522,0,0,0,1],"scale":1.10000002,"type":"speed_limit_55"}
{"ctxid":0,"pos":[1073.31006,-2180.52002,-543.44397],"rotationMatrix":[-0.605273604,-0.796096742,0,0.796096742,-0.605273604,0,0,0,1],"scale":1.10000002,"type":"speed_limit_55"}
{"ctxid":0,"pos":[657.942017,-3338.3999,-503.84201],"rotationMatrix":[0.878574073,-0.477621764,0,0.477621764,0.878574073,0,0,0,1],"scale":1.10000002,"type":"speed_limit_55"}
{"ctxid":0,"pos":[777.124023,-3543.65991,-501.285004],"rotationMatrix":[0.483262181,-0.875495911,0,0.875495911,0.483262181,0,0,0,1],"scale":1.10000002,"type":"speed_limit_55"}
{"ctxid":0,"pos":[5616.47021,-1116.21997,-556.765991],"rotationMatrix":[-0.594540834,-0.803967118,0,0.803967118,-0.594540834,0,0,0,1],"scale":1.10000002,"type":"speed_limit_55"}
{"ctxid":0,"pos":[-156.692993,1001.58002,-558.713013],"rotationMatrix":[0.488130331,-0.872778773,0,0.872778773,0.488130331,0,0,0,1],"scale":1.10000002,"type":"speed_limit_55"}
{"ctxid":0,"pos":[-498.81601,20.2360001,-551.612976],"rotationMatrix":[0.0191598535,-0.99974829,0,0.99974829,0.0191598535,0,0,0,1],"scale":1.10000002,"type":"speed_limit_55"}
{"ctxid":0,"pos":[-612.461975,766.763,-531.083984],"rotationMatrix":[0.600918174,0.799324989,0,-0.799324989,0.600918174,0,0,0,1],"scale":1.10000002,"type":"speed_limit_55"}
{"ctxid":0,"pos":[-899.487,924.976013,-542.849976],"rotationMatrix":[0.410953462,0.911627471,0,-0.911627471,0.410953462,0,0,0,1],"scale":1.10000002,"type":"speed_limit_55"}
{"ctxid":0,"pos":[-904.906982,910.95697,-542.984009],"rotationMatrix":[-0.92550683,0.379135698,0,-0.379135698,-0.92550683,0,0,0,1],"scale":1.10000002,"type":"speed_limit_55"}
{"ctxid":0,"pos":[1581.29004,-618.661011,-554.961975],"rotationMatrix":[0.97662878,0.21492441,0,-0.21492441,0.97662878,0,0,0,1],"scale":1.10000002,"type":"speed_limit_55"}
{"ctxid":0,"pos":[1504.30005,1153.26001,-562.947998],"rotationMatrix":[0.011300683,-0.999948859,0,0.999948859,0.011300683,0,0,0,1],"scale":1.10000002,"type":"speed_limit_55"}
{"ctxid":0,"pos":[1494.10999,1166.96997,-563.059021],"rotationMatrix":[0.826892734,-0.562333882,0,0.562333882,0.826892734,0,0,0,1],"scale":1.10000002,"type":"speed_limit_55"}
{"ctxid":0,"pos":[1524.5,908.778015,-563.356018],"rotationMatrix":[-0.991209626,0.130911365,0,-0.130911365,-0.991209626,0,0,0,1],"scale":1.10000002,"type":"speed_limit_55"}
