{"ctxid":0,"pos":[2351.68994,1136.37,-529.028992],"rotationMatrix":[-0.919624329,-0.392859697,0,0.392859697,-0.919624329,0,0,0,1],"scale":0.756799996,"type":"tree_palm_a"}
{"ctxid":0,"pos":[2348.28003,1129.66003,-530.78302],"rotationMatrix":[-0.703857899,-0.710156202,0,0.710156202,-0.703857899,0,0,0,1],"scale":0.945800006,"type":"tree_palm_a"}
{"ctxid":0,"pos":[6036.93994,-6098.02002,-552.710999],"rotationMatrix":[0.825950027,-0.563744962,0,0.563744962,0.825950027,0,0,0,1],"scale":0.828199983,"type":"tree_palm_a"}
{"ctxid":0,"pos":[6030.66016,-6119.70996,-552.401001],"rotationMatrix":[0.427549958,-0.903936028,0,0.903936028,0.427549958,0,0,0,1],"scale":0.747699976,"type":"tree_palm_a"}
{"ctxid":0,"pos":[5991.89014,-6226.49023,-550.257019],"rotationMatrix":[0.9737795,-0.227488592,0,0.227488592,0.9737795,0,0,0,1],"scale":1.01549995,"type":"tree_palm_a"}
{"ctxid":0,"pos":[5973.08984,-6264.41016,-549.794006],"rotationMatrix":[0.609625518,0.792677522,0,-0.792677522,0.609625518,0,0,0,1],"scale":0.856700003,"type":"tree_palm_a"}
{"ctxid":0,"pos":[5947.35986,-6312.43994,-549.429993],"rotationMatrix":[0.840839207,-0.541293442,0,0.541293442,0.840839207,0,0,0,1],"scale":0.825900018,"type":"tree_palm_a"}
{"ctxid":0,"pos":[5900.29004,-6380.79004,-549.11499],"rotationMatrix":[-0.942814708,-0.332935661,0,0.332935661,-0.942814708,0,0,0,1],"scale":1.06470001,"type":"tree_palm_a"}
{"ctxid":0,"pos":[5809,-6462.95996,-549.219971],"rotationMatrix":[-0.626125813,0.779609859,0,-0.779609859,-0.626125813,0,0,0,1],"scale":0.931900024,"type":"tree_palm_a"}
{"ctxid":0,"pos":[5786.47021,-6480.06982,-549.16803],"rotationMatrix":[-0.428726077,-0.903349757,0,0.903349757,-0.428726077,0,0,0,1],"scale":0.728699982,"type":"tree_palm_a"}
{"ctxid":0,"pos":[5691.97998,-6542.06006,-548.508972],"rotationMatrix":[0.826185882,0.563421786,0,-0.563421786,0.826185882,0,0,0,1],"scale":1.05139995,"type":"tree_palm_a"}
{"ctxid":0,"pos":[5653.5,-6565.58984,-547.958984],"rotationMatrix":[0.994879305,0.101068445,0,-0.101068445,0.994879305,0,0,0,1],"scale":0.780799985,"type":"tree_palm_a"}
{"ctxid":0,"pos":[5551.3999,-6619.00977,-543.705017],"rotationMatrix":[-0.706812859,-0.707261324,0,0.707261324,-0.706812859,0,0,0,1],"scale":0.989600003,"type":"tree_palm_a"}
{"ctxid":0,"pos":[5509.62012,-6635.89014,-541.026001],"rotationMatrix":[-0.812988758,0.582113922,0,-0.582113922,-0.812988758,0,0,0,1],"scale":0.995999992,"type":"tree_palm_a"}
{"ctxid":0,"pos":[5462.56982,-6652.56982,-538.539978],"rotationMatrix":[0.982961416,-0.183806211,0,0.183806211,0.982961416,0,0,0,1],"scale":1.03610003,"type":"tree_palm_a"}
{"ctxid":0,"pos":[5377.00977,-6679.60986,-534.552979],"rotationMatrix":[-0.806520343,0.591148794,0,-0.591148794,-0.806520343,0,0,0,1],"scale":0.938499987,"type":"tree_palm_a"}
{"ctxid":0,"pos":[6049.83008,-5588.24023,-552.554993],"rotationMatrix":[-0.363230824,-0.931772172,0,0.931772172,-0.363230824,0,0,0,1],"scale":0.974399984,"type":"tree_palm_a"}
{"ctxid":0,"pos":[6048.95996,-5612.77002,-552.343994],"rotationMatrix":[0.760429561,-0.64942205,0,0.64942205,0.760429561,0,0,0,1],"scale":1.05449998,"type":"tree_palm_a"}
{"ctxid":0,"pos":[6049.31006,-5667.20996,-551.945007],"rotationMatrix":[-0.996401787,-0.0839243978,0,0.0839243978,-0.996401787,0,0,0,1],"scale":0.920099974,"type":"tree_palm_a"}
{"ctxid":0,"pos":[6050.22998,-5688.97998,-551.817017],"rotationMatrix":[0.243550003,0.969855011,0,-0.969855011,0.243550003,0,0,0,1],"scale":1.0855,"type":"tree_palm_a"}
{"ctxid":0,"pos":[6050.52979,-5717.12988,-551.677002],"rotationMatrix":[0.0909087062,0.995928288,0,-0.995928288,0.0909087062,0,0,0,1],"scale":0.947099984,"type":"tree_palm_a"}
{"ctxid":0,"pos":[6051.95996,-5753.35986,-551.572021],"rotationMatrix":[-0.954264522,-0.299317807,0,0.299317807,-0.954264522,0,0,0,1],"scale":0.790400028,"type":"tree_palm_a"}
{"ctxid":0,"pos":[6054.25,-5820.37988,-551.588989],"rotationMatrix":[-0.77661252,0.629966974,0,-0.629966974,-0.77661252,0,0,0,1],"scale":0.808899999,"type":"tree_palm_a"}
{"ctxid":0,"pos":[6055.8999,-5904.62012,-551.835022],"rotationMatrix":[-0.912576914,0.408566654,0,-0.408566654,-0.912576914,0,0,0,1],"scale":1.00220001,"type":"tree_palm_a"}
{"ctxid":0,"pos":[6056.27979,-5927.12988,-551.916016],"rotationMatrix":[-0.800063372,0.600147665,0,-0.600147665,-0.800063372,0,0,0,1],"scale":0.759800017,"type":"tree_palm_a"}
{"ctxid":0,"pos":[6055.24023,-5927.00977,-551.914001],"rotationMatrix":[-0.8343786,0.551443696,0,-0.551443696,-0.8343786,0,0,0,1],"scale":0.787299991,"type":"tree_palm_a"}
{"ctxid":0,"pos":[6055.81982,-5953.79004,-552.013],"rotationMatrix":[-0.181799412,-0.983321011,0,0.983321011,-0.181799412,0,0,0,1],"scale":1.04910004,"type":"tree_palm_a"}
