{"ctxid":0,"pos":[-664.382996,-4.46309996,-541.348999],"rotationMatrix":[0.215747058,-0.976371109,0,0.976371109,0.215747058,0,0,0,1],"scale":1.01040006,"type":"tree_beech_forest_a"}
