{"ctxid":0,"pos":[-2160.02002,1575.70996,-551.515015],"rotationMatrix":[0.99560076,0.0936968178,0,-0.0936968178,0.99560076,0,0,0,1],"scale":1.04449999,"type":"tree_aspen_blocker_a"}
{"ctxid":0,"pos":[-2157.25,1575.08997,-551.445984],"rotationMatrix":[0.854847312,0.518864393,0,-0.518864393,0.854847312,0,0,0,1],"scale":1.27939999,"type":"tree_aspen_blocker_a"}
{"ctxid":0,"pos":[-2190.63989,1590.35999,-552.452026],"rotationMatrix":[0.467900693,0.883771718,0,-0.883771718,0.467900693,0,0,0,1],"scale":1.18990004,"type":"tree_aspen_blocker_a"}
{"ctxid":0,"pos":[-2169.20996,1601.30005,-551.559021],"rotationMatrix":[-0.966541052,0.256427765,0,-0.256427765,-0.966541052,0,0,0,1],"scale":1.15649998,"type":"tree_aspen_blocker_a"}
{"ctxid":0,"pos":[5005.97998,-859.484985,-488.169006],"rotationMatrix":[-0.833995461,-0.551960647,0,0.551960647,-0.833995461,0,0,0,1],"scale":0.819800019,"type":"tree_aspen_blocker_a"}
{"ctxid":0,"pos":[5000.45996,-849.64801,-486.324005],"rotationMatrix":[-0.632624626,-0.774480224,0,0.774480224,-0.632624626,0,0,0,1],"scale":0.745500028,"type":"tree_aspen_blocker_a"}
{"ctxid":0,"pos":[5004.58008,-851.658997,-487.701996],"rotationMatrix":[-0.99520278,0.0996802375,0,-0.0996802375,-0.99520278,0,0,0,1],"scale":1.07200003,"type":"tree_aspen_blocker_a"}
{"ctxid":0,"pos":[5006.49023,-856.34198,-488.195007],"rotationMatrix":[-0.265322447,0.964183927,0,-0.964183927,-0.265322447,0,0,0,1],"scale":0.975899994,"type":"tree_aspen_blocker_a"}
{"ctxid":0,"pos":[5000.85986,-855.299011,-487.056],"rotationMatrix":[0.113686979,-0.993490756,0,0.993490756,0.113686979,0,0,0,1],"scale":0.861400008,"type":"tree_aspen_blocker_a"}
{"ctxid":0,"pos":[5069.6499,-936.945984,-502.833008],"rotationMatrix":[-0.184568286,-0.982779145,0,0.982779145,-0.184568286,0,0,0,1],"scale":1.01730001,"type":"tree_aspen_blocker_a"}
{"ctxid":0,"pos":[5066.04004,-942.499023,-503.110992],"rotationMatrix":[-0.972495198,-0.233577117,0,0.233577117,-0.972495198,0,0,0,1],"scale":1.07650006,"type":"tree_aspen_blocker_a"}
{"ctxid":0,"pos":[5069.91016,-940.645996,-503.052002],"rotationMatrix":[-0.461024284,-0.887349606,0,0.887349606,-0.461024284,0,0,0,1],"scale":0.829100013,"type":"tree_aspen_blocker_a"}
{"ctxid":0,"pos":[5068.83984,-952.580017,-503.471985],"rotationMatrix":[-0.773221254,-0.634261787,0,0.634261787,-0.773221254,0,0,0,1],"scale":0.707000017,"type":"tree_aspen_blocker_a"}
{"ctxid":0,"pos":[5070.1001,-949.184998,-504.230988],"rotationMatrix":[0.523516774,-0.852027357,0,0.852027357,0.523516774,0,0,0,1],"scale":1.0194,"type":"tree_aspen_blocker_a"}
{"ctxid":0,"pos":[5071.47021,-950.393005,-504.102997],"rotationMatrix":[0.943484783,0.331425965,0,-0.331425965,0.943484783,0,0,0,1],"scale":0.754000008,"type":"tree_aspen_blocker_a"}
{"ctxid":0,"pos":[5063.6499,-950.117004,-502.292999],"rotationMatrix":[-0.966541052,0.256427765,0,-0.256427765,-0.966541052,0,0,0,1],"scale":0.837700009,"type":"tree_aspen_blocker_a"}
{"ctxid":0,"pos":[5067.18018,-939.528015,-502.126007],"rotationMatrix":[0.144829512,-0.989481568,0,0.989481568,0.144829512,0,0,0,1],"scale":0.774800003,"type":"tree_aspen_blocker_a"}
{"ctxid":0,"pos":[5063.3501,-937.719971,-502.053009],"rotationMatrix":[-0.716804624,-0.697098613,0,0.697098613,-0.716804624,0,0,0,1],"scale":1.12220001,"type":"tree_aspen_blocker_a"}
{"ctxid":0,"pos":[5076.22998,-938.333008,-502.765991],"rotationMatrix":[0.463351965,-0.886194468,0,0.886194468,0.463351965,0,0,0,1],"scale":0.940699995,"type":"tree_aspen_blocker_a"}
{"ctxid":0,"pos":[5076.97021,-943.322021,-503.471008],"rotationMatrix":[-0.705335021,-0.708801806,0,0.708801806,-0.705335021,0,0,0,1],"scale":0.737200022,"type":"tree_aspen_blocker_a"}
{"ctxid":0,"pos":[5044.62988,-911.117004,-497.084991],"rotationMatrix":[0.320921361,-0.947120547,0,0.947120547,0.320921361,0,0,0,1],"scale":0.963100016,"type":"tree_aspen_blocker_a"}
{"ctxid":0,"pos":[5042.1001,-904.83197,-496.705994],"rotationMatrix":[-0.374482036,0.927319407,0,-0.927319407,-0.374482036,0,0,0,1],"scale":1.08749998,"type":"tree_aspen_blocker_a"}
{"ctxid":0,"pos":[5053.24023,-913.47998,-499.63501],"rotationMatrix":[-0.193203568,-0.981102526,0,0.981102526,-0.193203568,0,0,0,1],"scale":0.989000022,"type":"tree_aspen_blocker_a"}
{"ctxid":0,"pos":[5042.35986,-918.103027,-498.957001],"rotationMatrix":[-0.966541052,0.256824404,0,-0.256824404,-0.966541052,0,0,0,1],"scale":1.15330005,"type":"tree_aspen_blocker_a"}
{"ctxid":0,"pos":[5047.75977,-904.992981,-496.657013],"rotationMatrix":[0.99840951,0.0563774407,0,-0.0563774407,0.99840951,0,0,0,1],"scale":1.04340005,"type":"tree_aspen_blocker_a"}
{"ctxid":0,"pos":[5047.0498,-916.495972,-498.192993],"rotationMatrix":[-0.306051135,0.952103436,0,-0.952103436,-0.306051135,0,0,0,1],"scale":1.18180001,"type":"tree_aspen_blocker_a"}
{"ctxid":0,"pos":[5044.9502,-908.190002,-496.911987],"rotationMatrix":[0.349743843,-0.936838627,0,0.936838627,0.349743843,0,0,0,1],"scale":1.05760002,"type":"tree_aspen_blocker_a"}
{"ctxid":0,"pos":[5032.79004,-914.750977,-495.81601],"rotationMatrix":[-0.917273521,0.398493707,0,-0.398493707,-0.917273521,0,0,0,1],"scale":0.922999978,"type":"tree_aspen_blocker_a"}
{"ctxid":0,"pos":[5035.27002,-920.882019,-496.132996],"rotationMatrix":[0.673083007,-0.739545584,0,0.739545584,0.673083007,0,0,0,1],"scale":1.29910004,"type":"tree_aspen_blocker_a"}
{"ctxid":0,"pos":[5038.7998,-922.916016,-496.970001],"rotationMatrix":[-0.340211868,0.940407693,0,-0.940407693,-0.340211868,0,0,0,1],"scale":0.748600006,"type":"tree_aspen_blocker_a"}
{"ctxid":0,"pos":[5037.52002,-920.414978,-496.109985],"rotationMatrix":[-0.948337913,0.317813993,0,-0.317813993,-0.948337913,0,0,0,1],"scale":1.10759997,"type":"tree_aspen_blocker_a"}
{"ctxid":0,"pos":[5035.89014,-918.117004,-496.23999],"rotationMatrix":[-0.974084496,0.225921899,0,-0.225921899,-0.974084496,0,0,0,1],"scale":1.11860001,"type":"tree_aspen_blocker_a"}
{"ctxid":0,"pos":[5041.87988,-908.14502,-497.072998],"rotationMatrix":[-0.571764469,0.820367098,0,-0.820367098,-0.571764469,0,0,0,1],"scale":0.882799983,"type":"tree_aspen_blocker_a"}
{"ctxid":0,"pos":[5030.81006,-913.494019,-494.811005],"rotationMatrix":[-0.679577947,0.733486593,0,-0.733486593,-0.679577947,0,0,0,1],"scale":0.773000002,"type":"tree_aspen_blocker_a"}
{"ctxid":0,"pos":[5034.52002,-922.606018,-496.127014],"rotationMatrix":[0.473251522,-0.880959094,0,0.880959094,0.473251522,0,0,0,1],"scale":0.877200007,"type":"tree_aspen_blocker_a"}
{"ctxid":0,"pos":[5025.58008,-915.851013,-494.595001],"rotationMatrix":[-0.425684929,-0.904920697,0,0.904920697,-0.425684929,0,0,0,1],"scale":0.711499989,"type":"tree_aspen_blocker_a"}
{"ctxid":0,"pos":[5025.70996,-909.981018,-495.562988],"rotationMatrix":[-0.0393936634,0.999311566,0,-0.999311566,-0.0393936634,0,0,0,1],"scale":0.890100002,"type":"tree_aspen_blocker_a"}
{"ctxid":0,"pos":[5029.0498,-920.109985,-495.641998],"rotationMatrix":[-0.476793051,0.879063904,0,-0.879063904,-0.476793051,0,0,0,1],"scale":0.840399981,"type":"tree_aspen_blocker_a"}
{"ctxid":0,"pos":[5021.95996,-919.716003,-492.833008],"rotationMatrix":[0.635854244,0.771814942,0,-0.771814942,0.635854244,0,0,0,1],"scale":0.741900027,"type":"tree_aspen_blocker_a"}
{"ctxid":0,"pos":[5019.1499,-912.994019,-492.916992],"rotationMatrix":[-0.878309608,0.477766305,0,-0.477766305,-0.878309608,0,0,0,1],"scale":0.875,"type":"tree_aspen_blocker_a"}
{"ctxid":0,"pos":[5022.25,-911.713013,-495.19101],"rotationMatrix":[-0.904761553,-0.425882757,0,0.425882757,-0.904761553,0,0,0,1],"scale":1.11459994,"type":"tree_aspen_blocker_a"}
{"ctxid":0,"pos":[5020.72021,-908.825989,-494.125],"rotationMatrix":[0.80618459,-0.591656804,0,0.591656804,0.80618459,0,0,0,1],"scale":0.727400005,"type":"tree_aspen_blocker_a"}
{"ctxid":0,"pos":[5008.02002,-919.255981,-490.319],"rotationMatrix":[-0.157633305,-0.98751837,0,0.98751837,-0.157633305,0,0,0,1],"scale":1.03910005,"type":"tree_aspen_blocker_a"}
{"ctxid":0,"pos":[5013.72021,-922.94397,-491.696014],"rotationMatrix":[0.774879515,0.632081985,0,-0.632081985,0.774879515,0,0,0,1],