{"ctxid":0,"pos":[2359.61011,1134.17004,-527.768982],"rotationMatrix":[0.910957992,0.412505001,0,-0.412505001,0.910957992,0,0,0,1],"scale":1,"type":"tree_palm_b"}
{"ctxid":0,"pos":[2340.62988,1127.56995,-532.603027],"rotationMatrix":[-0.991209626,0.133705199,0,-0.133705199,-0.991209626,0,0,0,1],"scale":1,"type":"tree_palm_b"}
{"ctxid":0,"pos":[2353.63989,1118.88,-531.492004],"rotationMatrix":[-0.896183372,-0.443422973,0,0.443422973,-0.896183372,0,0,0,1],"scale":1,"type":"tree_palm_b"}
{"ctxid":0,"pos":[2346.07007,1122.64001,-532.338013],"rotationMatrix":[-0.956242085,0.292348415,0,-0.292348415,-0.956242085,0,0,0,1],"scale":1,"type":"tree_palm_b"}
{"ctxid":0,"pos":[6052.2998,-6014.97021,-552.36499],"rotationMatrix":[-0.964161992,-0.265191585,0,0.265191585,-0.964161992,0,0,0,1],"scale":1,"type":"tree_palm_b"}
{"ctxid":0,"pos":[6046.75977,-6053.6499,-552.781982],"rotationMatrix":[-0.740231633,-0.672175705,0,0.672175705,-0.740231633,0,0,0,1],"scale":1,"type":"tree_palm_b"}
{"ctxid":0,"pos":[6041.62988,-6081.25,-552.835022],"rotationMatrix":[-0.56645,0.824111998,0,-0.824111998,-0.56645,0,0,0,1],"scale":1,"type":"tree_palm_b"}
{"ctxid":0,"pos":[6022.31006,-6142.77979,-551.958984],"rotationMatrix":[0.460447252,-0.887654603,0,0.887654603,0.460447252,0,0,0,1],"scale":1,"type":"tree_palm_b"}
{"ctxid":0,"pos":[6014.33984,-6169.43994,-551.39502],"rotationMatrix":[0.253358006,-0.967335165,0,0.967335165,0.253358006,0,0,0,1],"scale":1,"type":"tree_palm_b"}
{"ctxid":0,"pos":[6006.95996,-6188.83984,-550.971985],"rotationMatrix":[-0.278400421,-0.960519314,0,0.960519314,-0.278400421,0,0,0,1],"scale":1,"type":"tree_palm_b"}
{"ctxid":0,"pos":[5999.33008,-6207.83984,-550.578979],"rotationMatrix":[0.59048754,-0.807078958,0,0.807078958,0.59048754,0,0,0,1],"scale":1,"type":"tree_palm_b"}
{"ctxid":0,"pos":[5982.66016,-6247.39014,-549.974976],"rotationMatrix":[-0.833229661,-0.552802801,0,0.552802801,-0.833229661,0,0,0,1],"scale":1,"type":"tree_palm_b"}
{"ctxid":0,"pos":[5966.37012,-6279.4502,-549.664978],"rotationMatrix":[0.414854407,0.909901917,0,-0.909901917,0.414854407,0,0,0,1],"scale":1,"type":"tree_palm_b"}
{"ctxid":0,"pos":[5957.4502,-6297.33008,-549.528992],"rotationMatrix":[-0.955846429,-0.293901086,0,0.293901086,-0.955846429,0,0,0,1],"scale":1,"type":"tree_palm_b"}
{"ctxid":0,"pos":[5932.87988,-6335.33984,-549.307983],"rotationMatrix":[0.71332407,0.700864315,0,-0.700864315,0.71332407,0,0,0,1],"scale":1,"type":"tree_palm_b"}
{"ctxid":0,"pos":[5916.58984,-6360.2002,-549.203003],"rotationMatrix":[0.752332747,-0.658756793,0,0.658756793,0.752332747,0,0,0,1],"scale":1,"type":"tree_palm_b"}
{"ctxid":0,"pos":[5885.2998,-6397.0498,-549.062012],"rotationMatrix":[-0.737620831,-0.675213218,0,0.675213218,-0.737620831,0,0,0,1],"scale":1,"type":"tree_palm_b"}
{"ctxid":0,"pos":[5865.5498,-6415.68994,-549.080017],"rotationMatrix":[-0.0503801107,0.998636603,0,-0.998636603,-0.0503801107,0,0,0,1],"scale":1,"type":"tree_palm_b"}
{"ctxid":0,"pos":[5844.87988,-6434.66992,-549.150024],"rotationMatrix":[0.74780798,-0.663895011,0,0.663895011,0.74780798,0,0,0,1],"scale":1,"type":"tree_palm_b"}
{"ctxid":0,"pos":[5830.79004,-6447.27979,-549.184998],"rotationMatrix":[-0.894236565,0.447672009,0,-0.447672009,-0.894236565,0,0,0,1],"scale":1,"type":"tree_palm_b"}
{"ctxid":0,"pos":[5759.18018,-6497.33984,-548.994995],"rotationMatrix":[0.729299188,0.684220433,0,-0.684220433,0.729299188,0,0,0,1],"scale":1,"type":"tree_palm_b"}
{"ctxid":0,"pos":[5727.3501,-6520.56006,-548.794006],"rotationMatrix":[-0.518675923,-0.855017662,0,0.855017662,-0.518675923,0,0,0,1],"scale":1,"type":"tree_palm_b"}
{"ctxid":0,"pos":[5615.7998,-6585.33984,-547.041016],"rotationMatrix":[-0.978458285,0.205683276,0,-0.205683276,-0.978458285,0,0,0,1],"scale":1,"type":"tree_palm_b"}
{"ctxid":0,"pos":[5585.54004,-6600.3501,-545.830994],"rotationMatrix":[-0.170449972,-0.985319972,0,0.985319972,-0.170449972,0,0,0,1],"scale":1,"type":"tree_palm_b"}
{"ctxid":0,"pos":[5418.22021,-6666.58984,-536.572998],"rotationMatrix":[0.693298817,-0.720622301,0,0.720622301,0.693298817,0,0,0,1],"scale":1,"type":"tree_palm_b"}
{"ctxid":0,"pos":[5339.91992,-6689.99023,-532.682983],"rotationMatrix":[-0.77661252,-0.630155504,0,0.630155504,-0.77661252,0,0,0,1],"scale":1,"type":"tree_palm_b"}
{"ctxid":0,"pos":[5302.87012,-6702.2002,-530.789001],"rotationMatrix":[0.882096291,0.471080542,0,-0.471080542,0.882096291,0,0,0,1],"scale":1,"type":"tree_palm_b"}
{"ctxid":0,"pos":[5270.93018,-6711.10986,-529.210999],"rotationMatrix":[0.853443027,-0.521205783,0,0.521205783,0.853443027,0,0,0,1],"scale":1,"type":"tree_palm_b"}
{"ctxid":0,"pos":[6049.54004,-5640.43994,-552.130981],"rotationMatrix":[0.514690518,0.85741955,0,-0.85741955,0.514690518,0,0,0,1],"scale":1,"type":"tree_palm_b"}
{"ctxid":0,"pos":[6052.14014,-5737.68018,-551.607971],"rotationMatrix":[-0.913359284,0.406693995,0,-0.406693995,-0.913359284,0,0,0,1],"scale":1,"type":"tree_palm_b"}
{"ctxid":0,"pos":[6051.08984,-5754.3501,-551.572021],"rotationMatrix":[-0.991608858,0.129527435,0,-0.129527435,-0.991608858,0,0,0,1],"scale":1,"type":"tree_palm_b"}
{"ctxid":0,"pos":[6051.89014,-5775.29004,-551.554016],"rotationMatrix":[-0.759312868,0.650902629,0,-0.650902629,-0.759312868,0,0,0,1],"scale":1,"type":"tree_palm_b"}
{"ctxid":0,"pos":[6053.14014,-5796.22998,-551.570984],"rotationMatrix":[0.998729944,0.0503848791,0,-0.0503848791,0.998729944,0,0,0,1],"scale":1,"type":"tree_palm_b"}
{"ctxid":0,"pos":[6053.49023,-5819.58984,-551.588989],"rotationMatrix":[-0.525305867,0.850943506,0,-0.850943506,-0.525305867,0,0,0,1],"scale":1,"type":"tree_palm_b"}
{"ctxid":0,"pos":[6054,-5840.41016,-551.642029],"rotationMatrix":[-0.923152685,-0.384591311,0,0.384591311,-0.923152685,0,0,0,1],"scale":1,"type":"tree_palm_b"}
{"ctxid":0,"pos":[6055.1499,-5860.25,-551.69397],"rotationMatrix":[-0.986024618,-0.166614801,0,0.166614801,-0.986024618,0,0,0,1],"scale":1,"type":"tree_palm_b"}
{"ctxid":0,"pos":[6054.7002,-5882.4502,-551.752014],"rotationMatrix":[0.999807894,0.0196000002,0,-0.0196000002,0.999807894,0,0,0,1],"scale":1,"type":"tree_palm_b"}
{"ctxid":0,"pos":[6055.79004,-5985.37988,-552.132996],"rotationMatrix":[-0.931005359,-0.36513415,0,0.36513415,-0.931005359,0,0,0,1],"scale":1,"type":"tree_palm_b"}
