{"ctxid":0,"pos":[-661.622986,0.177000001,-541.773987],"rotationMatrix":[0.880732715,0.47360149,0,-0.47360149,0.880732715,0,0,0,1],"scale":0.899399996,"type":"tree_beech_large_b"}
