{"ctxid":0,"pos":[6038.12012,-5888.89014,-551.781982],"rotationMatrix":[-0.693904161,-0.719858646,0,0.719858646,-0.693904161,0,0,0,1],"scale":1,"type":"tree_palm_overhang_b"}
