{"ctxid":0,"pos":[3705.82202,2392.74487,-420.193298],"rotationMatrix":[-0.859023631,0.511933982,0,-0.511933982,-0.859023631,0,0,0,1],"scale":1,"type":"trivia"}
