{
  "description":"Description of these Sites. Contains Locations, Zones, and Parking Spots.",
  "dir":"/mods/unpacked/rls_career_overhaul_american_road/levels/mk_americanroad/",
  "locations":{},
  "name":"facilities.sites.json",
  "parkingSpots":[
    {
      "color":[
        1,
        1,
        1
      ],
      "customFields":{
        "names":{},
        "tags":{},
        "types":{},
        "values":{}
      },
      "isMultiSpot":false,
      "name":"apartment_parking1",
      "oldId":7205,
      "pos":[
        5479.3896484375,
        -1029.2894287109,
        -545.37725830078
      ],
      "rot":[
        0,
        0,
        -0.34761446930981,
        0.93763746433416
      ],
      "scl":[
        2.5,
        6,
        3
      ],
      "spotAmount":1,
      "spotDirection":"Left",
      "spotOffset":0,
      "spotRotation":0
    },
    {
      "color":[
        1,
        1,
        1
      ],
      "customFields":{
        "names":{},
        "tags":{},
        "types":{},
        "values":{}
      },
      "isMultiSpot":false,
      "name":"Parking 7206",
      "oldId":7206,
      "pos":[
        5476.6772460938,
        -1031.6467285156,
        -545.37719726563
      ],
      "rot":[
        0,
        0,
        -0.33502828099409,
        0.9422079912233
      ],
      "scl":[
        2.5,
        6,
        3
      ],
      "spotAmount":1,
      "spotDirection":"Left",
      "spotOffset":0,
      "spotRotation":0
    }
  ],
  "zones":[
    {
      "bot":{
        "active":false,
        "normal":[
          0,
          0,
          -1
        ],
        "pos":[
          0,
          0,
          -10
        ]
      },
      "color":[
        1,
        1,
        1
      ],
      "customFields":{
        "names":{},
        "tags":{},
        "types":{},
        "values":{}
      },
      "name":"Starter Apartment",
      "oldId":7204,
      "top":{
        "active":false,
        "normal":[
          0,
          0,
          1
        ],
        "pos":[
          0,
          0,
          10
        ]
      },
      "vertices":[
        [
          5486.1772460938,
          -1031.1031494141,
          -545.51184082031
        ],
        [
          5477.6982421875,
          -1037.8447265625,
          -545.49444580078
        ],
        [
          5471.6767578125,
          -1029.4068603516,
          -545.37719726563
        ],
        [
          5480.1142578125,
          -1022.1450195313,
          -545.37719726563
        ]
      ]
    }
  ]
}